name,category,subsidiary of / alias of,stakeholdergroup,nationality,email domain names,Membership Organization,Wiki Page
Universidad Tecnológica Nacional,Research Institution,,Academia,Argentina,,,
Attorney-General's Department  Australian Government,,,Government,Australia,,ETSI,
COMMUNICATIONS ALLIANCE LTD,Association,,Business,Australia,,OTHER,
Softel Systems Pty Ltd,Cybersecurity,,Business,Australia,softelsystems.com.au,ETSI,
Telstra Corporation Limited,Telecommunications Provider,,Business,Australia,team.telstra.com,ETSI,
Attorney-General's Department,,,Government,Australia,agd.gov.au,,
Apple Gesellschaft m.b.H.,Consumer hardware and software vendor,Apple,Business,Austria,,ETSI,
Austrian Federal Ministry of Agriculture  Regions and Tourism,,,Government,Austria,,ETSI,
Fabasoft AG,Software Provider,,Business,Austria,,ETSI,
Kapsch TrafficCom AG,"Software Provider, Hardware Provider",,Business,Austria,,ETSI,
Österreichischer Verband für Elektrotechnik,,,Business,Austria,ove.at,,
Qualcomm Austria RFFE GmbH,Chipmaker,Qualcomm Incorporated,Business,Austria,,ETSI,
T-Mobile AUSTRIA GmbH,Telecommunications Provider,Deutsche Telekom,Business,Austria,t-mobile.at,ETSI,
Tait Europe Limited,"Software Provider, Consulting",,Business,Austria,,ETSI,
BELTELECOM,Telecommunications Provider,,Business,Belarus,,,
British Telecom,,,,,bt.com,,
5G Infrastructure Association,Association,,Business,Belgium,,ETSI,
A.S.T.R.I.D. SA,Telecommunications Provider,,Business,Belgium,,ETSI,
AT&T Global Network Services Belgium SPRL,Telecommunications Provider,AT&T,Business ,Belgium,,ETSI,
BIPT - Belgian Institute for Postal services & Telecommunications,Research Institution,,Academia,Belgium,,ETSI,
Broadcast Networks Europe,Telecommunications Provider,,Business,Belgium,,ETSI,
Cisco Systems Belgium,Networking equipment vendor,Cisco,Business,Belgium,,ETSI,
EC - European Commission,,,Government,Belgium,,ETSI,
ESOA,Infrastructure Company,,Business,Belgium,,OTHER,
Eurofins Digital Testing Belgium NV,Testing and Certification,,Business,Belgium,,ETSI,
European Utilities Telecom Council (EUTC),Association,,Business,Belgium,,ETSI,
Intel Belgium SA/NV,Chipmaker,Intel,Business,Belgium,,ETSI,
InterDigital Belgium LLC,Technology research and development company,InterDigital,Business,Belgium,,ETSI,
Nokia Bell N.V.,Networking equipment vendor,Nokia Corporation,Business,Belgium,nokia-bell-labs.com,ETSI,
Proximus Plc,"Software Provider, Hardware Provider",,Business,Belgium,"proximus.com, proximus.net",ETSI,
Public Safety Communication Europe Forum,,Public Safety Canada,Government,Belgium,,ETSI,
Public Safety Communication Europe Forum,,Public Safety Canada,Government,Belgium,,OTHER,
Tessares S.A.,Software Provider,,Business,Belgium,,ETSI,
Botswana Communications Regulatory Authority,Regulatory Body,,Government,Botswana,,ETSI,
Agência Nacional de Telecomunicações (ANATEL)  ,,,Government,Brazil,,,
NIC.br,Internet Registry,,Technical Community,Brazil,nic.br,,
VMware Bulgaria EOOD,Software Provider,VMware,Business,Bulgaria,,ETSI,
Bell Mobility,Telecommunications Provider,,Business,Canada,bell.ca,ETSI,
Innovation  Science and Economic Development Canada,,,Government,Canada,,ETSI,
Kepler Communications,Telecommunications Provider,,Business,Canada,,ETSI,
Nortel Networks Corporation,Networking equipment vendor,,Business,Canada,"nortelnetworks.com, nortel.com",,
Public Safety Canada,,,Government,Canada,,ETSI,
RadiSys Inc.,"Software Provider, Hardware Provider",,Business,Canada,,ETSI,
Redline Communications Inc.,Networking Service Provider,,Business,Canada,,ATIS,
Rogers Communications Canada Inc.,Networking equipment vendor,,Business,Canada,"rogers.com, rci.rogers.com",ETSI,
Sandvine Incorporated,"Software Provider, Consulting",,Business,Canada,,ETSI,
Telus Corporation,Telecommunications Provider,,Business,Canada,telus.com,ATIS,
VoiceAge Corporation,"Software Provider, Technology research and development company",,Business,Canada,,ETSI,
"Ministère des Postes et Télécommunications, chargé de la Promotion des Nouvelles Technologies d'Information et de Communication",,,Government,Central African Republic,,,
5G Deterministic Networking Alliance,Association,,Business,China,,OTHER,
5G Slicing Association,Association,,Business,China,,OTHER,
Academy of Broadcasting Planning  NRTA,Research Institution,,Academia,China,,CCSA,
Academy of Broadcasting Science,Research Institution,,Academia,China,,CCSA,
Alibaba (China) Group.  Ltd.,"Software Provider, Hardware Provider, Consumer hardware and software vendor",,Business,China,alibaba-inc.com,CCSA,
Apple Computer Trading (Shanghai) Co. Ltd.,Consumer hardware and software vendor,Apple,Business,China,,CCSA,
Apple Purchase Operation management,Consumer hardware and software vendor,Apple,Business,China,,CCSA,
Apple R&D,Consumer hardware and software vendor,Apple,Business,China,,CCSA,
AsiaInfo Technologies (China)  Inc.,Software Provider,AsiaInfo Technologies Inc,Business ,China,,CCSA,
AsiaInfo Technologies Inc,Software Provider,,Business ,China,,ETSI,
ASR Microelectronics Technology Co.  Ltd,Chipmaker,,Business ,China,,CCSA,
ASUSTEK COMPUTER (SHANGHAI) CO. LTD.,Consumer hardware and software vendor,,Business ,China,,CCSA,
Baicells Technologies Co. Ltd,Networking Service Provider,,Business,China,,CCSA,
Beijing Commsat Technology Development Co. Ltd.,,,Business,China,,CCSA,
Beijing Jiaotong University,Research Institution,,Academia,China,,CCSA,
Beijing Lenovo Software Ltd.,Consumer hardware and software vendor,Lenovo (Beijing) Ltd,Business,China,,CCSA,
Beijing OPPO Communications corp.  ltd,Consumer hardware and software vendor,,Business,China,oppo.com,CCSA,https://en.wikipedia.org/wiki/Oppo
BEIJING SAMSUNG TELECOM R&D CENTER,Consumer hardware and software vendor,Samsung Electronics Ind. Co.  Ltd.,Business,China,,CCSA,
Beijing Starpoint Technology Company Limited,Technology research and development company,,Business,China,,CCSA,
Beijing Telecom Planning & Designing Institute Co. LTD.,Technology research and development company,,Business,China,,CCSA,
Beijing University of Posts and Telecommunications,Research Institution,,Academia,China,bupt.edu.cn,CCSA,
Beijing Xiaomi Electronics,Consumer hardware and software vendor,Xiaomi Technology,Business,China,xiaomi.com,CCSA,
Beijing Xiaomi Mobile Software Co.  Ltd.,Consumer hardware and software vendor,Xiaomi Technology,Business,China,xiaomi.com,CCSA,
Beijing Xiaomi Software Technology,Consumer hardware and software vendor,Xiaomi Technology,Business,China,xiaomi.com,CCSA,
BMW Brilliance Automotive Ltd.,"Software Provider, Hardware Provider, Consumer hardware and software vendor",,Business,China,,CCSA,https://en.wikipedia.org/wiki/BMW_Brilliance
BTL Inc.,Technology research and development company,,Business,China,,ETSI,
CAICT,Research Institution,,Academia,China,caict.ac.cn,CCSA,
CALTTA TECHNOLOGIES CO.  LTD.,Software Provider,ZTE,Business,China,,CCSA,
CertusNet Inc.,Technology research and development company,,Business,China,,ETSI,
CETC Network & Communications Group Co.  Ltd.,,,Business,China,,CCSA,
Chengdu OPPO Mobile Communications corp.  ltd,Consumer hardware and software vendor ,Beijing OPPO Communications corp.  ltd,Business,China,oppo.com,CCSA,
CHENGDU TD TECH LTD.,Networking equipment vendor,TD Tech Ltd,Business,China,,CCSA,
China Academy of Telecommunication Technology - (Datang Telecom Technology and Industry Group),Research Institution,Datang Telecom Group,Academia,China,,CCSA,
China Academy of Telecommunications Technology (CATT),Research Institution,,Academia,China,catt.cn,ETSI,
China Broadcasting Network Corporation Ltd.,Telecommunications Provider,,Business,China,,CCSA,
China Communications Standards Association,Regional Standards Body,,Technical Community,China,,CCSA,
China Electric Power Research Institute,Research Institution,,Academia,China,,CCSA,
China Information Communication Technologies Group,Networking equipment vendor,Datang Telecom Group,Business,China,,ETSI,
China Information Communication Technologies Group Corporation,Networking equipment vendor,Datang Telecom Group,Business,China,,CCSA,
CHINA INFORMATION TECHNOLOGY DESIGNING&CONSULTING INSTITUTE CO. LTD.,Consulting,,Business,China,,CCSA,
China Mobile (Hangzhou) Information Technology Co.  Ltd.,Telecommunications Provider,China Mobile International Limited,Business,China,,CCSA,
China Mobile (Suzhou) Software Technology Co.  Ltd.,Telecommunications Provider,China Mobile International Limited,Business,China,,CCSA,
China Mobile Communications Corporation (CMCC),Telecommunications Provider,China Mobile International Limited,Business,China,,CCSA,
China Mobile E-Commerce Co.,Telecommunications Provider,China Mobile International Limited,Business,China,,CCSA,
China Mobile Group Design Institute Co.  Ltd,Telecommunications Provider,China Mobile International Limited,Business,China,,CCSA,
China Mobile Group Device Co.  Ltd,Telecommunications Provider,China Mobile International Limited,Business,China,,CCSA,
China Mobile International Limited,Telecommunications Provider,,Business,China,chinamobile.com,CCSA,
China Mobile M2M Company Ltd.,Telecommunications Provider,China Mobile International Limited,Business,China,,CCSA,
CHINA SECURITY & PROTECTION INDUSTRY ASSOCIATION,Association,,Business,China,,CCSA,
China Society of Automotive Engineers,Association,,Business,China,,OTHER,
China Southern Power Grid Co.  Ltd.,Infrastructure Company,,Business,China,,CCSA,
China Telecom,Telecommunications Provider,,Business,China,"chinatelecom.cn, ctbri.com.cn",CCSA,
China Telecommunications Corporation,Telecommunications Provider,China Telecom,Business,China,,ETSI,
China Telecomunication Corporation,Telecommunications Provider,China Telecom,Business,China,,CCSA,
China Unicom,Telecommunications Provider,,Business,China,chinaunicom.cn,CCSA,
China Unicom Digital Technology Co.  Ltd.,Telecommunications Provider,China Unicom,Business,China,,CCSA,
China Unicom Global Limited,Telecommunications Provider,China Unicom,Business,China,,CCSA,
Chongqing University,Research Institution,,Academia,China,,CCSA,
Chongqing University of Posts and Telecommunications,Research Institution,,Academia,China,,CCSA,
CNNIC,Internet Registry,,Government,China,"cnnic.net.cn, cnnic.cn",,
Communication University of China,Research Institution,,Academia,China,,CCSA,
Datang Linktester Technology Co.  Ltd.,Networking Service Provider,Datang Telecom Group,Business,China,datangmobile.cn,CCSA,
Datang Mobile Communications Equipment Co.  Ltd,Networking Service Provider,Datang Telecom Group,Business,China,datangmobile.cn,CCSA,
Datang Telecom Group,Networking Service Provider,,Business,China,datanggroup.cn,,
DFH Satellite Co.  LTD,Satellite Communications Provider,"China Spacesat Co., Ltd.",Business,China,,CCSA,
"China Spacesat Co., Ltd.",Satellite Communications Provider,China Aerospace Science and Technology Corporation,Business,China,spacesat.com.cn,,
China Aerospace Science and Technology Corporation,,,Government,China,spacechina.com,,
Dongguan OPPO Precision Electronic Corp.  Ltd.,Consumer hardware and software vendor,Beijing OPPO Communications corp.  ltd,Business,China,oppo.com,CCSA,
ESSEN INNOVATION COMPANY LIMITED,Technology research and development company,,Business,China,,CCSA,
ETH Zurich,Research Institution,,Academia,Switzerland,inf.ethz.ch,,
FG Innovation Company Limited,Technology research and development company,,Business,China,,CCSA,
Fiberhome Technologies Group,"Software Provider, Hardware Provider",,Business,China,,ATIS,
FiberHome Technologies Group ,Networking equipment provider,,Business,China,,,
Fudan University,Research Institution,,Academia,China,,CCSA,
Futurewei,Networking equipment vendor,Huawei Device Co. Ltd,Business,China,futurewei.com,,
GOHIGH DATA NETWORKS TECHNOLOGY CO.  LTD,Networking Service Provider,Datang Telecom Group,Business,China,,CCSA,
Guangdong Communications and Networks Institute,Research Institution,,Academia,China,,CCSA,
GUANGDONG GENIUS TECHNOLOGY CO.  LTD.,Hardware Provider,,Business,China,,CCSA,
Guangdong OPPO Mobile Telecommunications Corp.  Ltd,Consumer hardware and software vendor,Beijing OPPO Communications corp.  ltd,Business,China,oppo.com,CCSA,
Guangdong OPPO Mobile Telecommunications Corp. Ltd.,Consumer hardware and software vendor,Beijing OPPO Communications corp.  ltd,Business,China,oppo.com,ETSI,
HiSilicon Technologies Co.Ltd,Chipmaker,,Business,China,,CCSA,
Honor Device Co.  ,Consumer hardware and software vendor,Honor Device Co.  Ltd,Business,China,,CCSA,
Honor Device Co.  Ltd,Consumer hardware and software vendor,,Business,China,,ETSI,
Huawei Device Co. Ltd,Networking equipment vendor,,Business,China,"huawei.com, huawei.com.cn, huawei.comcc",CCSA,
HuaWei Technologies Co. Ltd,Networking equipment vendor,Huawei Device Co. Ltd,Business,China,,CCSA,
Huawei Technologies Co. Ltd.,Networking equipment vendor,Huawei Device Co. Ltd,Business,China,,ETSI,
Huazhong University of Science & Technology ,Research Institution,,Academia,China,,,
Huizhou Speed Wireless Technology Co.  Ltd.,Networking equipment vendor,,Business,China,,CCSA,
Hytera Communications Corporation Limited,Networking equipment vendor,,Business,China,,CCSA,
Industrial Internet Innovation Center (Shanghai) Co. Ltd.,Technology research and development company,,Business,China,,CCSA,
Information Science Academy of China Electronics Technology Group Corporation,Research Institution,China Electronics Technology Group Corporation,Academia,China,,,
Inspur Software Technology Co.   Ltd.,Cloud Provider,,Business,China,,CCSA,
Intel China Ltd.,Chipmaker,Intel,Business,China,,CCSA,
IPLOOK Networks Co.  Ltd.,Networking Service Provider,,Business,China,,CCSA,
Jetflow Technologies Co.  Ltd,Technology research and development company,,Business,China,,CCSA,
Lenovo (Beijing)  Information Technology Co.  Ltd.,"Hardware Provider, Consumer hardware and software vendor",Lenovo (Beijing) Ltd,Business,China,lenovo.com,CCSA,
Lenovo (Beijing) Ltd,"Hardware Provider, Consumer hardware and software vendor",,Business,China,,CCSA,
Lenovo Future Communications Technology (Chongqing) Co.  Ltd.,"Hardware Provider, Consumer hardware and software vendor",Lenovo (Beijing) Ltd,Business,China,,CCSA,
Lenovo Mobile Communication Technology Ltd.,"Hardware Provider, Consumer hardware and software vendor",Lenovo (Beijing) Ltd,Business,China,,CCSA,
MediaTek (Chengdu) Inc.,"Software Provider, Hardware Provider, Consumer hardware and software vendor",MediaTek Incorporated,Business,China,mediatek.com,CCSA,
MediaTek (Hefei) Inc.,"Software Provider, Hardware Provider, Consumer hardware and software vendor",MediaTek Incorporated,Business,China,,CCSA,
MediaTek (Shenzhen) Inc.,"Software Provider, Hardware Provider, Consumer hardware and software vendor",MediaTek Incorporated,Business,China,,CCSA,
MediaTek (Wuhan) Inc.,"Software Provider, Hardware Provider, Consumer hardware and software vendor",MediaTek Incorporated,Business,China,,CCSA,
MediaTek Beijing Inc.,"Software Provider, Hardware Provider, Consumer hardware and software vendor",MediaTek Incorporated,Business,China,,CCSA,
Meizu Technology,Consumer hardware and software vendor,,Business,China,,CCSA,
Ministry of Industry and Information Technology (MIIT),,,Government,China,,,
NANJING ERICSSON PANDA COMMUNICATIONS LTD,Networking equipment vendor,Ericsson,Business,China,,CCSA,
Nanjing University of Posts and Telecommunications,Research Institution,,Academia,China,,,
New H3C Technologies Co.  Ltd.,Hardware Provider,Tsinghua Unisplendour,Business,China,h3c.com,CCSA,
Nokia Shanghai Bell Co. Ltd,Networking equipment vendor,Nokia Corporation,Business,China,,CCSA,
Nubia Technology Co. Ltd,Consumer hardware and software vendor,,Business,China,,CCSA,
Nufront (Beijing) Technology Co.  Ltd.,Chipmaker,,Business,China,,CCSA,
OnePlus (Shenzhen) Technology Co.  LTD,Consumer hardware and software vendor,,Business,China,,CCSA,
Peking University,Research Institution,,Academia,China,pku.edu.cn,CCSA,
Pengcheng laboratory,Research Institution,,Government,China,,CCSA,
Potevio Company Limited,Hardware Provider,,Business,China,,CCSA,
Purple Mountain Laboratories: Networking  Communications and Security,"Research Institution, Cybersecurity",,Government,China,,CCSA,
Qihoo 360 Technology Co.  Ltd.,Cybersecurity,,Business,China,,CCSA,
Quectel Wireless Solutions Co.  Ltd.,Technology research and development company,,Business,China,,CCSA,
SAICT,Research Institution,,Academia,China,,ETSI,
Samsung Guangzhou Mobile R&D Center,Technology research and development,Samsung Electronics Ind. Co.  Ltd.,Business,China,,CCSA,
Sanechips Technology Co.   Ltd.,Chipmaker,,Business,China,,CCSA,
Shanghai Chen Si Electronics Technology Co.  Ltd,Networking equipment vendor,,Business,China,,CCSA,
Shanghai Jiao Tong University,Research Institution,,Academia,China,sjtu.edu.cn,CCSA,
Shanghai Langbo Communication Technology Co.  Ltd.,Technology research and development,,Business,China,,CCSA,
Shanghai National Engineering Research Center of Digital Television Co. Ltd.,Research Institution,,Academia,China,,CCSA,
Shanghai Quanray Electronics Co.  Ltd.,Hardware Provider,,Business,China,,CCSA,
Shanghai Tejet Communications Technology Co.  Ltd.,Testing and Certification,,Business,China,,CCSA,
Shenyang Institute of Automation  Chinese Academy of Sciences,Research Institution,,Academia,China,,CCSA,
Shenzhen city Tencent computer system Co. Ltd.,Consumer hardware and software vendor,Tencent,Business,China,tencent.com,CCSA,
Shenzhen Goodix Technology Co.  Ltd.,Chipmaker,,Business,China,,CCSA,
Shenzhen Yun Zhong Fei Network Technology Co.,Technology research and development,,Business,China,,CCSA,
ShenZhen Zhongxing Shitong Tech. Co. Ltd.,Technology research and development,,Business,China,,CCSA,
Smarter Microelectronics(Guangzhou) Co. Ltd,Hardware Provider,,Business,China,,CCSA,
Southwest Jiaotong university,Research Institution,,Academia,China,,CCSA,
Spreadtrum Communications (Shanghai) Co.  Ltd.,Chipmaker,,Business ,China,,CCSA,
TCL Communication Ltd.,Networking equipment vendor,,Business,China,,CCSA,
TD Tech Ltd,Networking equipment vendor,,Business,China,,CCSA,
Telecommunication Development Industry Alliance,Association,,Business,China,,OTHER,
Tencent cloud computing Beijing Co.  Ltd,"Software Provider, Technology research and development company",Tencent,Business,China,tencent.com,CCSA,
Tencent,,,Business,China,tencent.com,CCSA,
The State Radio_monitoring_center Testing Center,Testing and Certification,,Business,China,,CCSA,
Tongji University,Research Institution,,Academia,China,tongji.edu.cn,CCSA,
Transsion Holdings,Consumer hardware and software vendor,,Government,China,,CCSA,
Tsinghua University,Research Institution,,Academia,China,"csnet1.cs.tsinghua.edu.cn, mails.tsinghua.edu.cn, cernet.edu.cn",,
Unicom Broadband Online Co.  Ltd.,Telecommunications Provider,China Unicom,Business,China,,CCSA,
Unicom Vsens Telecommunications Co.  Ltd,Telecommunications Provider,China Unicom,Business,China,,CCSA,
Unicompay Co.  Ltd.,Telecommunications Provider,China Unicom,Business,China,,CCSA,
University of Electronic Science and Technology of China,Research Institution,,Academia,China,,CCSA,
Vanchip (Tianjin) Technology Co.  Ltd.,Chipmaker,,Business,China,,CCSA,
vivo Communication Technology Co.  Ltd.,Consumer hardware and software vendor,vivo Mobile Communication Co.  Ltd,Business,China,,CCSA,
vivo Mobile Communication (Chongqing) Co.  Ltd,Consumer hardware and software vendor,vivo Mobile Communication Co.  Ltd,Business,China,,CCSA,
vivo Mobile Communication (Hangzhou) Co.  Ltd.,Consumer hardware and software vendor,vivo Mobile Communication Co.  Ltd,Business,China,,CCSA,
vivo Mobile Communication (Shenzhen) Co.  Ltd.,Consumer hardware and software vendor,vivo Mobile Communication Co.  Ltd,Business,China,,CCSA,
vivo Mobile Communication Co.  Ltd,Consumer hardware and software vendor,,Business,China,vivo.com,CCSA,
Wuhan University,Research Institution,,Academia,China,,,
Xiaomi Communications,"Consumer hardware and software vendor, Software Provider, Hardware Provider",Xiaomi Technology,Business,China,xiaomi.com,CCSA,
Xiaomi Technology,"Consumer hardware and software vendor, Software Provider, Hardware Provider",,Business,China,xiaomi.com,CCSA,
Xidian University,Research Institution,,Academia,China,,CCSA,
ZEKU TECHNOLOGY (SHANGHAI) CORP.  LTD.,Technology research and development company,,Business,China,,CCSA,
ZHE JIANG GEESPACE TECHNOLOGY CO.  LTD.,Satellite Communications Provider,Geely Technology Group,Business,China,,CCSA,
Zhejiang Lab,Research Institution,"Alibaba, Zhejiang University",Academia,China,,CCSA,
Zhejiang University,Research Institution,,Academia,China,,CCSA,
ZONSON SAMRT AUTO CORPORATION,Consumer hardware and software vendor,,Business,China,,CCSA,
ZTE,Networking equipment vendor,,Business,China,"zte.com.cn, zte.com",CCSA,
ZTE Corporation,Networking equipment vendor,ZTE,Business,China,,ETSI,
ZTE Photonics Technology Co. Ltd.,Networking equipment vendor,ZTE,Business,China,,CCSA,
ZXNE CORPORATION,,,Business,China,,CCSA,
"Ministère des Postes, Télécommunications et Nouvelles Technologies de l'Information et de la Communication",,,Government,Congo,,,
CZ NIC,Internet Registry,,Business,Czech Republic,nic.cz,,
Czech Telecommunication Office,Regulatory Body,,Government,Czech Republic,,ETSI,
Mesaqin.com s.r.o (Ltd.),Software Provider,,Business,Czech Republic,,ETSI,
Samsung Electronics Czech,"Software Provider, Hardware Provider, Consumer hardware and software vendor, Technology research and development company",Samsung Electronics Ind. Co.  Ltd.,Business,Czech Republic,,ETSI,
Aalborg University,Research Institution,,Academia,Denmark,es.aau.dk,,
Anemone Technology,Consulting,,Business,Denmark,,ETSI,
European Communications Office,,,Intergovernmental Organization,Denmark,,ETSI,
FORCE Technology,"Consulting, Software Provider",,Business,Denmark,,ETSI,
Gatehouse Satcom A/S,Software Provider,,Business,Denmark,,ETSI,
Motorola Solutions Danmark A/S,"Software Provider, Hardware Provider, Consumer hardware and software vendor",Motorola,Business,Denmark,motorolasolutions.com,ETSI,
Nokia Denmark A/S,Networking equipment vendor,Nokia Corporation,Business,Denmark,,ETSI,
Verizon Denmark A/S,Internet Registry,Verizon,Business,Denmark,,ETSI,
Ministerio de Telecomunicaciones y de la Sociedad de la Información (MINTEL)  ,,,Government,Ecuador,,,
"Mandat International , National Telecommunication Regulatory Authority (NTRA)  ",Regulatory Body,,Government,Egypt,,,
Telecom Fiji Ltd,Telecommunications Provider,,Business,Fiji,,ETSI,
Bittium Wireless Ltd.,Networking equipment vendor,,Business,Finland,,ETSI,
CUJO Al Finland,Software Provider,CUJO Al,Business,Finland,,ETSI,https://en.wikipedia.org/wiki/CUJO_AI
ETS-Lindgren Europe,Software Provider,,Business,Finland,,ETSI,
Fairspectrum Oy,Hardware Provider,,Business,Finland,,ETSI,
Intel Finland Oy,Chipmaker,Intel,Business,Finland,,ETSI,
InterDigital Finland Oy,Technology research and development company,InterDigital,Business,Finland,,ETSI,
LG Electronics Finland Lab Oy,"Hardware Provider, Consumer hardware and software vendor",LG Electronics Inc.,Business,Finland,,ETSI,
Magister Solutions Ltd,Technology research and development company,,Business,Finland,,ETSI,
Nokia Corporation,Networking equipment vendor,,Business,Finland,nokia.com,ETSI,
Nokia - DE/Stuttgart,,Nokia Corporation,,,,,
Nokia - FR/Paris-Saclay,,Nokia Corporation,,,,,
Nokia - FR/Nozay,,Nokia Corporation,,,,,
Oy LM Ericsson AB,Networking equipment vendor,Ericsson,Business,Finland,,ETSI,
Qualcomm Finland RFFE Oy,Chipmaker,Qualcomm Incorporated,Business,Finland,,ETSI,
Suomen Erillisverkot Oy,Cybersecurity,,Business,Finland,,ETSI,
The Finnish Transport and Communications Agency,,,Government,Finland,,ETSI,
University of Helsinki,Research Institution,,Academia,Finland,cs.helsinki.fi,,
VTT Technical Research Centre of Finland,Research Institution,,Academia,Finland,,ETSI,
WE Certification Oy,Testing and Certification,,Business,Finland,,ETSI,
Airbus DS SLC,Telecommunications Provider,,Business,France,airbus.com,ETSI,
Alcatel-Lucent International,Networking equipment vendor,Nokia Corporation,Business,France,"alcatel-lucent.com, alcatel-lucent.fr , lucent.com, alcatel.be",ETSI,
Alcatel,Networking equipment vendor,Nokia Corporation,Business,France,alcatel.fr,ETSI,
Alcatel,Networking equipment vendor,Nokia Corporation,Business,Germany,alcatel.de,ETSI,
Apple France,Consumer hardware and software vendor,Apple,Business,France,,ETSI,
AQSACOM S.A.S.,Software Provider,,Business,France,aqsacom.com,ETSI,
ATEME SA,Software Provider,,Business ,France,,ETSI,
Autorité de régulation des communications électroniques et des postes,Regulatory Body,,Government,France,,ETSI,
B-Com,Research Institution,,,France,,ETSI,
BOUYGUES Telecom,Telecommunications Provider,,Business,France,,ETSI,https://en.wikipedia.org/wiki/Bouygues_Telecom
BROADPEAK,Networking equipment vendor,,Business,France,broadpeak.tv,ETSI,
Bull SAS,Consumer hardware and software vendor,,Business,France,,ETSI,https://en.wikipedia.org/wiki/Groupe_Bull
CANON Research Centre France SAS,Technology research and development company,Canon Inc. ,Business,France,,ETSI,
Cisco Systems France,Networking equipment vendor,Cisco,Business,France,,ETSI,
CNES - Centre National d'Etudes Spatiales,Research Institution,,Academia,France,,ETSI,
Commissariat à l'Energie Atomique et et aux Energies Alternatives,,,Government,France,,ETSI,
EDF,Infrastructure Company,,Business,France,,ETSI,
Electronique Telematique ETELM,Networking Service Provider,,Business,France,,ETSI,
ENENSYS Technologies SA,Software Provider,,Business,France,,ETSI,
Ericsson France S.A.S,Networking equipment vendor,Ericsson,Business,France,,ETSI,
EURECOM,Research Institution,,Academia,France,,ETSI,
European Telecommunications Standards Institute,Regional Standards Body,,Technical Community,France,"etsi.fr, etsi.org, list.etsi.fr",ETSI,
Eutelsat S.A.,Satellite Communications Provider,,Business,France,,ETSI,
France Brevets,Research Institution,,Government,France,,ETSI,
Hewlett-Packard Enterprise,"Hardware Provider, Software Provider",Hewlett-Packard,Business,France,,ETSI,
Huawei Technologies France,Networking equipment vendor,Huawei Device Co. Ltd,Business,France,,ETSI,
IDEMIA,,,,France,idemia.com,ETSI,
IMT Atlantique,Research Institution,,Academia,France,imt-atlantique.fr,,
Inria,Research Institution,,Academia,France,inria.fr,,
Institut Mines-Telecom,Research Institution,,Academia,France,,ETSI,
Institute VEDECOM,Research Institution,,Academia,France,,ETSI,
Intel Corporation SAS,Chipmaker,Intel,Business,France,,ETSI,
InterDigital France R&D SAS,Technology research and development company,InterDigital,Business,France,,ETSI,
Intersec SA,"Software Provider, Consulting",,Business,France,,ETSI,
ITRON SAS,"Software Provider, Hardware Provider",,Business,France,,ETSI,
Kontron Transportation France  S.A.S,Telecommunications Provider,,Business,France,kontron.com,ETSI,
LEGRAND FRANCE ISERE,Hardware Provider,,Business,France,,ETSI,
LG Electronics France,"Hardware Provider, Consumer hardware and software vendor",LG Electronics Inc.,Business,France,,ETSI,
Microsoft Europe SARL,Consumer hardware and software vendor,Microsoft,Business,France,,ETSI,
Ministère de l'Economie et des Finances,,,Government,France,finances.gouv.fr,ETSI,
Ministère  de la Justice,,,Government,France,justice.gouv.fr,ETSI,
MINISTERE DE L'INTERIEUR,,,Government,France,,ETSI,
Mitsubishi Electric R&D Centre Europe,"Hardware Provider, Consumer hardware and software vendor",Mitsubishi Electric Co.,Business,France,,ETSI,
Motorola Mobility France S.A.S,"Software Provider, Hardware Provider, Consumer hardware and software vendor",Motorola,Business,France,,ETSI,
MVG Industries,Networking equipment vendor,,Business,France,,ETSI,
Orange,Telecommunications Provider,,Business ,France,orange.com,,
Orange FT Group,,Orange,,,"orange-ftgroup.com, orange-ft.com",,
PCCW Global B.V.,Telecommunications Provider,,Business,France,pccwglobal.com,ETSI,
Qualcomm communications S.A.R.L,Chipmaker,Qualcomm Incorporated,Business,France,,ETSI,
Sagemcom Broadband SAS,Networking Service Provider,,Business,France,,TSDSI,
Samsung Electronics France SA,"Software Provider, Hardware Provider, Consumer hardware and software vendor, Technology research and development company",Samsung Electronics Ind. Co.  Ltd.,Business,France,,ETSI,
Secrétariat Général de la Défense et de la Sécurité Nationale (SGDSN),,,Government,France,,ETSI,
Sequans Communications,Chipmaker,,Business,France,sequans.com,ETSI,
Sierra Wireless  S.A.,Networking equipment vendor,,Business,France,,ETSI,
TDF SAS,Networking Service Provider,,Business,France,,ETSI,
Texas Instruments France,Chipmaker,,Business,France,,ETSI,
THALES,Software Provider,,Business,France,"thalesgroup.com, thalesaleniaspace.com",ETSI,
Union Internationale des Chemins de Fer,Association,,Business,France,,ETSI,
Valeo,Hardware Provider,,Business,France,,,
450connect GmbH,,,Business,Germany,,ETSI,
5G Automotive Association,Association,,Business,Germany,,OTHER,
5G-ACIA,,,,Germany,,OTHER,
7LAYERS GmbH,Telecommunications Provider,,Business,Germany,7layers.de,ETSI,
adare GmbH,Software Provider,,Business,Germany,,ETSI,
ADTRAN GmbH,Networking equipment vendor,ADTRAN Inc,Business,Germany,,ETSI,
albis-elcon system Germany GmbH,Telecommunications Provider,,Business,Germany,,ETSI,
Andrew Wireless Systems GmbH,Networking equipment vendor,,Business,Germany,,ETSI,
Apple GmbH,Consumer hardware and software vendor,Apple,Business,Germany,,ETSI,
Bundesamt für Verfassungsschutz,Regulatory Body,,Government,Germany,verfassungsschutz.de,ETSI,
Bundeskriminalamt,,,Government,Germany,,ETSI,
Bundesnetzagentur,Regulatory Body,,Government,Germany,"bundesnetzagentur.de , bnetza.de",,
Central Office for Information Technology in the Security Sector,,,Government,Germany,,ETSI,
CETECOM GmbH - Certification and Testing in Communications,Testing and Certification,RWTÜV Group,Business,Germany,,ETSI,
Comprion GmbH,Software Provider,,Business,Germany,,ETSI,
Continental Automotive GmbH,Hardware Provider,,Business,Germany,,ETSI,
Deutsche Telekom,Telecommunications Provider,,Business,Germany,telekom.de,ETSI,
Deutsches Zentrum für Luft- und Raumfahrt e.V.,Technology research and development company,,Government,Germany,,ETSI,
DOCOMO Communications Laboratories Europe GmbH,Technology research and development company,Nippon Telegraph and Telephone Corporation (NTT),Business,Germany,docomolab-euro.com,,
Ericsson GmbH  Eurolab - Unternehmensbereich Forschung und Entwicklung,Networking equipment vendor,Ericsson,Business,Germany,,ETSI,
European Patent Organisation,,,Intergovernmental Organization,Germany,,ETSI,
Federal Agency for Public Safety Digital Radio,,,Government,Germany,,ATIS,
Federal Ministry of Economic Affairs and Energy,,,Government,Germany,,ETSI,
Fraunhofer Institut für Integrierte Schaltungen IIS,Research Institution,,Academia,Germany,iis.fraunhofer.de,ETSI,
Fraunhofer Institute for Open Communication Systems FOKUS,Research Institution,,Academia,Germany,fokus.fraunhofer.de,ETSI,
Fraunhofer Institute for Telecommunications  Heinrich Hertz Institute,Research Institution,,Academia,Germany,,ETSI,
Friedrich-Alexander-Universität Erlangen-Nürnberg,Research Institution,,Academia,Germany,,ETSI,
genua GmbH,"Software Provider, Consulting",,Business,Germany,genua.de,,
Giesecke+Devrient Mobile Security GmbH,Software Provider,,Business,Germany,,ETSI,
Gigaset Communications GmbH,Consumer hardware and software vendor,,Business,Germany,,ETSI,
Harman Becker Automotive Systems GmbH,Hardware Provider,,Business,Germany,,ETSI,
HARTING Stiftung & Co. KG,Networking Service Provider,,Business,Germany,,ETSI,
HEAD acoustics GmbH,"Hardware Provider, Software Provider, Consumer hardware and software vendor",,Business,Germany,,ETSI,
Hochschule München für Angewandte Wissenschaften,Research Institution,,Academia,Germany,hm.edu,,
HUAWEI TECHNOLOGIES Duesseldorf GmbH,Networking equipment vendor,Huawei Device Co. Ltd,Business,Germany,,ETSI,
IBM Europe,Hardware Provider,IBM,Business,Germany,,ETSI,
Infineon Technologies,Chipmaker,,Business,Germany,infineon.com,ETSI,
Intel Deutschland GmbH,Chipmaker,Intel,Business,Germany,,ETSI,
InterDigital Germany GmbH,Technology research and development company,InterDigital,Business,Germany,,ETSI,
IPCom GmbH & Co.KG,Technology research and development company,,Business,Germany,,ETSI,
John Deere GmbH & Co. KG,Consumer hardware and software vendor,,Business,Germany,,ETSI,
Landeskriminalamt Niedersachsen,,,Government,Germany,polizei.niedersachsen.de,ETSI,
LG Electronics Deutschland GmbH,"Hardware Provider, Consumer hardware and software vendor",LG Electronics Inc.,Business,Germany,lge.com,ETSI,
Mercedes-Benz AG,"Hardware Provider, Consumer hardware and software vendor",,Business,Germany,,ETSI,
Motorola Mobility Germany GmbH,"Software Provider, Hardware Provider, Consumer hardware and software vendor",Motorola,Business,Germany,,ETSI,
Motorola Solutions Germany GmbH,"Software Provider, Hardware Provider, Consumer hardware and software vendor",Motorola,Business,Germany,motorolasolutions.com,ETSI,
Next Generation Mobile Networks Alliance,Association,,Business,Germany,,OTHER,
Nokia Solutions and Networks GmbH & Co. KG,Networking equipment vendor,Nokia Corporation,Business,Germany,,ETSI,
Orope Germany GmbH,,,Business,Germany,,ETSI,
PANASONIC R&D Center Germany GmbH,"Hardware Provider, Consumer hardware and software vendor",Panasonic Corporation,Business,Germany,,ETSI,
Qualcomm CDMA Technologies GmbH,Chipmaker,Qualcomm Incorporated,Business,Germany,,ETSI,
Regulatory Agency For Electronic Communications and Postal Services,Regulatory Body,,Government,Germany,regtp.de,ETSI,
ROBERT BOSCH GmbH,Hardware Provider,,Business,Germany,,ETSI,
ROHDE & SCHWARZ GmbH & Co.KG,"Hardware Provider, Testing and Certification, Cybersecurity",,Business,Germany,"rohde-schwarz.com , rsd.rohde-schwarz.com",ETSI,
Samsung Electronics GmbH,"Software Provider, Hardware Provider, Consumer hardware and software vendor, Technology research and development company",Samsung Electronics Ind. Co.  Ltd.,Business,Germany,,ETSI,
Sapcorda Services GmbH,Networking Service Provider,u-blox AG,Business,Germany,,ETSI,
Sennheiser Electronic GmbH & Co. KG,"Consumer hardware and software vendor, Technology research and development company",,Business,Germany,,ETSI,
Siemens AG,Networking equipment vendor,,Business,Germany,"icn.siemens.de , siemens.de , mch.siemens.de , siemens.at , siemens.com",ETSI,
SIGOS GmbH,Cybersecurity,,Business,Germany,,ETSI,
Südwestrundfunk,Content Distribution Network,,Business ,Germany,,ARIB,
Technische Universit�t Dresden,Research Institution,,Academia,Germany,,,
Tektronix GmbH,Hardware Provider,,Business,Germany,,ETSI,
Telefónica Germany GmbH & Co OHG,Telecommunications Provider,TELEFONICA S.A.,Business,Germany,,,
Telekom Deutschland GmbH,Telecommunications Provider,Deutsche Telekom,Business,Germany,telekom.de,ETSI,
TU Dresden,Research Institution,,Academia,Germany,tu-dresden.de,,
umlaut communications GmbH,"Software Provider, Consulting",,Business,Germany,,ETSI,
UTIMACO TS GmbH,Cybersecurity,,Business,Germany,utimaco.com,ETSI,
Valeo Telematik und Akustik GmbH,Hardware Provider,Valeo,Business,Germany,,ETSI,
Viavi Solutions Deutschland GmbH,Testing and Certification,,Business,Germany,,ETSI,
VIVO TECH GmbH,Consumer hardware and software vendor,vivo Mobile Communication Co.  Ltd,Business,Germany,,ETSI,
Vodafone GmbH,Telecommunications Provider,Vodafone Group Plc,Business,Germany,,ETSI,
Volkswagen AG,Consumer hardware and software vendor,,Business,Germany,,ETSI,
Zentrale Stelle für Informationstechnik im Sicherheitsbereich,Regulatory Body,,Government,Germany,zitis.bund.de,,
Zollkriminalamt (ZKA),,,Government,Germany,,ETSI,
"University of Professional Studies, Accra",Research Institution,,Academia,Ghana,,,
UPSA,Research Institution,,Academia,Ghana,upsa.edu.gh,,
CENTRE FOR RESEARCH AND TECHNOLOGY HELLAS,Research Institution,,Business,Greece,,ETSI,
Ministry of Digital Governance  ,,,Government,Greece,,,
University of Piraeus,Research Institution,,Academia,Greece,,ETSI,
CK Hutchison (CKHH),Telecommunications Provider,,Business,Hong Kong,chrisseal.net,,https://en.wikipedia.org/wiki/CK_Hutchison_Holdings
Hong Kong Applied Science & Technology Research Institute,Research Institution,,Academia,Hong Kong,,ETSI,
Apple Hungary Kft.,Consumer hardware and software vendor,Apple,Business,Hungary,,ETSI,
Ericsson Hungary Ltd,Networking equipment vendor,Ericsson,Business,Hungary,,ETSI,
Nokia Solutions and Networks Kft.,Networking equipment vendor,Nokia Corporation,Business,Hungary,,ETSI,
Special Service for the National Security of Hungary,,,Government,Hungary,,ETSI,
Astrome Technologies Pvt Lt,Networking equipment vendor,,Business ,India,,TSDSI,
Bharat Electronics Limited,Networking equipment vendor,,Business,India,,TSDSI,https://en.wikipedia.org/wiki/Bharat_Electronics
Bharat Sanchar Nigam Limited,Telecommunications Provider,,Business,India,,TSDSI,https://en.wikipedia.org/wiki/Bharat_Sanchar_Nigam_Limited
Bharti Airtel Limited,Telecommunications Provider,,Business,India,,TSDSI,https://en.wikipedia.org/wiki/Bharti_Airtel
Broadband India Forum,,,Technical community,India,,TSDSI,
C-DOT,Telecommunications Provider,,Business,India,,TSDSI,
Cellular Operators Association of India (COAI),Association,,Business,India,,OTHER,
Centre of Excellence in Wireless Technology (CEWiT),Research Institution,,Technical community,India,,TSDSI,
Cisco Systems India,Networking equipment vendor,Cisco,Business,India,,TSDSI,
Consort Digital Private Limited,Networking equipment vendor,,Business,India,,ETSI,
Department of Telecommunications,,,Government,India,,TSDSI,
Dolby Technology India Pvt Ltd,Software Provider,Dolby Inc. ,Business,India,,TSDSI,
Ericsson India Private Limited,Networking equipment vendor,Ericsson,Business,India,,TSDSI,
ERNET India,,,Government,India,eis.ernet.in,TSDSI,
Facebook India Online Services Pvt Ltd,Content Provider,Meta USA,Business,India,,TSDSI,
GANPAT UNIVERSITY,Research Institution,,Academia,India,,TSDSI,
HARMAN Connected Services (HCS),Software Provider,Samsung Electronics Ind. Co.  Ltd.,Business,India,,ETSI,
Huawei Telecommunication (India) Co. Pvt. Ltd.,Networking equipment vendor,Huawei Device Co. Ltd,Business,India,,TSDSI,
IIT  Kharagpur,Research Institution,,Academia,India,,TSDSI,
Indian Institute of Science  Bangalor,Research Institution,,Academia,India,,TSDSI,
Indian Institute of Technology Bhilai,Research Institution,,Academia,India,,TSDSI,
Indian Institute of Technology Bombay,Research Institution,,Academia,India,,TSDSI,
Indian Institute of Technology Delhi,Research Institution,,Academia,India,,TSDSI,
Indian Institute of Technology Hyderabad,Research Institution,,Academia,India,,TSDSI,
Indian Institute of Technology Madras,Research Institution,,Academia,India,,TSDSI,
Indian Institute of Technology Mandi,Research Institution,,Academia,India,,TSDSI,
Indian Space Research Organisation,Research Institution,,Academia,India,,TSDSI,
Indidan Institute of Technology Kanpur,Research Institution,,Academia,India,,TSDSI,
Indraprastha Institute of Information Technology Delhi,Research Institution,,Academia,India,,TSDSI,
Institute for Development and Research in Banking Technology,Research Institution,,Academia,India,,TSDSI,
Intel Technology India Pvt. Ltd.,Chipmaker,Intel,Business,India,,TSDSI,
International Institute of Information Technology  Hyderabad,Research Institution,,Academia,India,,TSDSI,
International Institute of Information Technology - Bangalore,Research Institution,,Academia,India,,TSDSI,
Lekha Wireless Solutions Pvt Ltd,Software Provider,,Business,India,,TSDSI,
Mediatek India Technology Pvt. Ltd.,"Software Provider, Hardware Provider, Consumer hardware and software vendor",MediaTek Incorporated,Business,India,,TSDSI,
Ministry of Communications,,,Government,India,,,
Ministry of Electronics & Information Technology,,,Government,India,,TSDSI,
National Smart Grid Mission,Infrastructure Company,,Government,India,,TSDSI,
NEC Corporation India Private Limited,"Software Provider, Hardware Provider",NEC Corporation,Business,India,,TSDSI,
Niral Networks Private Limited,Software Provider,,Business,India,,TSDSI,
Nokia Solutions and Networks India Pvt. Ltd.,Networking equipment vendor,Nokia Corporation,Business,India,,TSDSI,
Prasar Bharati,Content Distribution Network,,Business,India,,TSDSI,
Qualcomm India Pvt Ltd,Chipmaker,Qualcomm Incorporated,Business,India,,TSDSI,
Reliance Jio,Telecommunications Provider,,Business,India,ril.com,TSDSI,
Saankhya Labs Private Limited,Technology research and development company,,Business,India,,ETSI,
SAMEER - Centre for Electromagnetics,Association,,Business,India,,TSDSI,
Samsung R&D Institute India - Bangalore Pvt. Ltd,Technology research and development,Samsung Electronics Ind. Co.  Ltd.,Business,India,,TSDSI,
Sasken Technologies Limited,"Software Provider, Consulting",,Business,India,sasken.com,ETSI,
Sensorise Digital Services Pvt Ltd,Hardware Provider,,Business,India,,TSDSI,
Signalchip Innovations Pvt. Ltd.,Chipmaker,,Business,India,,TSDSI,
Sooktha Consulting Pvt Ltd,Consulting,,Business,India,,TSDSI,
Sterlite Technologies Ltd,Networking equipment vendor,Vedanta Group,Business ,India,,TSDSI,
TATA Communications Ltd,Consumer hardware and software vendor,Tata Motors Ltd,Business,India,tata.com,TSDSI,
TATA Consultancy Services,Consulting,Tata Motors Ltd,Business,India,tcs.com,,
Tata Motors Ltd,Consumer hardware and software vendor,,Business,India,,TSDSI,
Tech Mahindra Limited,"Networking Service Provider, Consulting",Mahindra Group,Business,India,,TSDSI,
Tejas Networks Ltd.,Networking equipment vendor,,Business,India,,TSDSI,
Telecommunications Consultants India Ltd,Consulting,,Business,India,,TSDSI,
Telecommunications Standards Development Society  India,Regional Standards Body,,Technical Community,India,,TSDSI,
UIET Panjab University Chandigarh,Research Institution,,Academia,India,,TSDSI,
Vodafone Idea Ltd,Telecommunications Provider,Vodafone Group Plc,Business,India,,TSDSI,
Wipro Limited,Consulting,,Business,India,,TSDSI,
IDNIC - APJII,Internet Registry,,Government,Indonesia,idnic.net,,
Ministry of Communication and Information Technology,,,Government,Indonesia,,ETSI,
Moratel International Pte Ltd,Telecommunications Provider,,Business,Indonesia,moratelindo.co.id,,
Marconi,Telecommunications Provider,,Business,,marconi.com,,
Telkom University,Research Institution,,Academia,Indonesia,,ETSI,
Amdocs Software Systems Limited,Software Provider,,Business,Ireland,amdocs.com,ETSI,
College of the Holy and Undivided Trinity of Queen Elizabeth near Dublin,Research Institution,,Academia,Ireland,,ETSI,
DTS Licensing Limited,Consulting,,Business,Ireland,,ETSI,
Ericsson Ireland,Networking equipment vendor,Ericsson,Business,Ireland,,ETSI,
Facebook Inc,Content Provider,Meta USA,Business,Ireland,,ETSI,
GENBAND Ireland Limited,Networking Service Provider,,Business,Ireland,,ETSI,
Intel Ireland Ltd,Chipmaker,Intel,Business,Ireland,,ETSI,
L.M. Ericsson Limited,Networking equipment vendor,Ericsson,Business,Ireland,,ETSI,
Openet Telecom,Software Provider,,Business,Ireland,,ETSI,
QT Technologies Ireland Limited,Software Provider,,Business,Ireland,,ETSI,
Ruckus Wireless Inc.,Networking Service Provider,,Business,Ireland,,ETSI,
ST ENGINEERING IDIRECT (IRELAND) LIMITED,Satellite Communications Provider,,Business ,Ireland,,ETSI,
Vodafone Ireland Plc,Telecommunications Provider,Vodafone Group Plc,Business,Ireland,,ETSI,
Xilinx Ireland,Software Provider,,Business,Ireland,xilinx.com,ETSI,
5G Wireless Intelligent Networks,,,,Israel,,ETSI,
Allot Ltd,Networking equipment vendor,,Business,Israel,,ETSI,https://en.wikipedia.org/wiki/Allot
Cognyte Software Ltd,Software Provider,,Business,Israel,,ETSI,
Elbit Systems C4l and Cyber Ltd,Software Provider,,Business,Israel,,ETSI,
General Motors - ATCI,Technology research and development company,General Motors,Business,Israel,,ETSI,
Gilat Satellite Networks Ltd,Satellite Communications Provider,,Business,Israel,,ETSI,
Qualcomm Israel Ltd.,Chipmaker,Qualcomm Incorporated,Business,Israel,,ETSI,
Saguna Networks Ltd,"Software Provider, Consulting",,Business,Israel,,ETSI,
Softil Ltd,Software Provider,,Business,Israel,,ETSI,
Toga Networks,Technology research and development company,Huawei Device Co. Ltd,Business,Israel,,,
ALMA MATER STUDIORUM Università di Bologna,Research Institution,,Academia,Italy,,ETSI,
Apple Italia S.R.L.,Consumer hardware and software vendor,Apple,Business,Italy,,ETSI,
Consorzio Nazionale Interuniversitario per le Telecomunicazioni CNIT,Association,,Business,Italy,,,
Direzione Centrale Anticrimine della Polizia di Stato,,,Government,Italy,,ETSI,
Empirix Inc.,Testing and Certification,Infovista,Business,Italy,,ETSI,
Ericsson Telecomunicazioni SpA,Networking equipment vendor,Ericsson,Business,Italy,,ETSI,
Fastweb S.p.A.,Telecommunications Provider,,Business,Italy,,ETSI,
Intel Corporation Italia SpA,Chipmaker,Intel,Business,Italy,,ETSI,
KEYSIGHT TECHNOLOGIES ITALY,Networking equipment vendor,Keysight Technologies Ltd,Business,Italy,keysight.com,ETSI,
Leonardo SpA,Cybersecurity,,Business,Italy,,ETSI,
Meetecho,Software Provider,,Business,Italy,meetecho.com,,
Nokia Solutions and Networks Italia SpA,Networking equipment vendor,Nokia Corporation,Business,Italy,,ETSI,
QUALCOMM Europe Inc. - Italy Branch Office,Chipmaker,Qualcomm Incorporated,Business,Italy,,ETSI,
Telecom Italia S.p.A.,Telecommunications Provider,,Business,Italy,"telecomitalia.it , tilab.com",ETSI,
Telit Communications S.p.A.,Software Provider,,Business,Italy,,ETSI,
Vodafone Italia SpA,Telecommunications Provider,Vodafone Group Plc,Business,Italy,,ETSI,
Windtre,Telecommunications Provider,,Business,Italy,mail.wind.it,,
ANRITSU CORPORATION,Networking equipment vendor,ANRITSU LTD,Business,Japan,anritsu.com,ARIB,https://en.wikipedia.org/wiki/Anritsu
Association of Radio Industries and Businesses,Regional Standards Body,,Technical Community,Japan,,ARIB,
Canon Inc. ,Hardware Developer,,Business,Japan,,,https://en.wikipedia.org/wiki/Canon_Inc.
Dai Nippon Printing Co.  Ltd,Consumer hardware and software vendor,,Business,Japan,,ARIB,
DENSO CORPORATION,Hardware Provider,,Business,Japan,,ARIB,
DKK Co.  Ltd.,Networking Equipment Vendor,,Business,Japan,,ARIB,
Ericsson Japan K.K.,Networking equipment vendor,Ericsson,Business,Japan,,ARIB,
FUJITSU CONNECTED TECHNOLOGIES LIMITED,"Hardware Provider, Software Provider, Consumer hardware and software vendor",,Business,Japan,"jp.fujitsu.com, fujitsu.com",ARIB,
Fujitsu Limited,"Hardware Provider, Software Provider, Consumer hardware and software vendor",FUJITSU CONNECTED TECHNOLOGIES LIMITED,Business,Japan,,TTC,
Fujitsu Limited,"Hardware Provider, Software Provider, Consumer hardware and software vendor",FUJITSU CONNECTED TECHNOLOGIES LIMITED,Business,Japan,,ARIB,
Fujitsu Limited,"Hardware Provider, Software Provider, Consumer hardware and software vendor",FUJITSU CONNECTED TECHNOLOGIES LIMITED,Business,Japan,,ETSI,
Hitachi Ltd.,"Software Provider, Hardware Provider, Consumer hardware and software vendor",,Business,Japan,"hitachi.com, hitachi.cn",,
HUAWEI Technologies Japan K.K.,Networking equipment vendor,Huawei Device Co. Ltd,Business,Japan,,ARIB,
Huawei Technologies Japan K.K.,Networking equipment vendor,Huawei Device Co. Ltd,Business,Japan,,TTC,
Intel K.K.,Chipmaker,Intel,Business,Japan,,ARIB,
Internet Initiative Japan Inc.,Telecommunications Provider,,Business,Japan,iij.ad.jp,,
ITOCHU Techno-Solutions Corporation,Software Provider,,Business,Japan,,TTC,
Japan Advanced Institute of Science and Technology,Research Institution,,Academia,Japan,,,
Japan Radio Co.  Ltd,Networking equipment vendor,,Business,Japan,,ARIB,
JPRS,Internet Registry,,Business,Japan,jprs.co.jp,,
KDDI Corporation,Telecommunications Provider,,Business,Japan,kddi.com,TTC,
KDDI Corporation ,Telecommunications Provider,,Business,Japan,"kddi.com, kddilabs.jp",ARIB,
Keio University,Research Institution,,Academia,Japan,keio.ac.jp,,
Kyocera Corporation,,,Business,Japan,,ARIB,
Mitsubishi Electric Co.,"Hardware Provider, Consumer hardware and software vendor",,Business,Japan,,ARIB,
Mitsubishi Electric Corporation,"Hardware Provider, Consumer hardware and software vendor",Mitsubishi Electric Co.,Business,Japan,,TTC,
Murata Manufacturing Co Ltd.,Hardware Producer,,Business,Japan,,ARIB,
National Institute of Information and Communications Technology,Research Institution,,Academia,Japan,nict.go.jp,ARIB,
NEC Corporation,"Software Provider, Hardware Provider",,Business,Japan,"3g.nec.com.au , neclab.eu, nec.de",ETSI,
NEC Corporation,"Software Provider, Hardware Provider",NEC Corporation,Business,Japan,,ARIB,
NEC Corporation,"Software Provider, Hardware Provider",NEC Corporation,Business,Japan,,TTC,
NHK (Japan Broadcasting Corporation),Content Provider,,Business,Japan,,ARIB,
Nippon Telegraph and Telephone Corporation,Telecommunications Provider,Nippon Telegraph and Telephone Corporation (NTT),Business,Japan,,ETSI,
Nippon Telegraph and Telephone Corporation,Telecommunications Provider,Nippon Telegraph and Telephone Corporation (NTT),Business,Japan,,TTC,
Nippon Telegraph and Telephone Corporation (NTT),Telecommunications Provider,,Business,Japan,"lab.ntt.co.jp , ntt.com",TTC,
Nokia Japan,Networking equipment vendor,Nokia Corporation,Business,Japan,,ARIB,
NTT Advanced Technology,Telecommunications Provider,Nippon Telegraph and Telephone Corporation (NTT),Business,Japan,ntt-at.com,ETSI,
NTT Communications,Telecommunications Provider,Nippon Telegraph and Telephone Corporation (NTT),Business,Japan,nttv6.net,,
NTT DOCOMO INC.,Telecommunications Provider,Nippon Telegraph and Telephone Corporation (NTT),Business,Japan,"nttdocomo.co.jp , nttdocomo.com",ARIB,
NTT DOCOMO INC.,Telecommunications Provider,Nippon Telegraph and Telephone Corporation (NTT),Business,Japan,"nttdocomo.co.jp , nttdocomo.com",TTC,
OKi Electric Industry Co.  Ltd,Networking Service Provider,,Business,Japan,,TTC,
Oki Electric Industry Company Ltd.,"Chipmaker, Consumer hardware ans software vendor, Networking equipment vendor",,Business,Japan,,,
Panasonic Corporation,"Hardware Provider, Consumer hardware and software vendor",,Business,Japan,"jp.panasonic.com, sg.panasonic.com",ARIB,
QUALCOMM JAPAN LLC.,Chipmaker,Qualcomm Incorporated,Business,Japan,,ARIB,
Rakuten Mobile  Inc,Networking Service Provider,,Business,Japan,rakuten.com,ARIB,
SAMSUNG R&D INSTITUTE JAPAN,Technology research and development,Samsung Electronics Ind. Co.  Ltd.,Business,Japan,,ARIB,
SECOM,Cybersecurity,,Business,Japan,,,
SECOM Intelligent Systems Laboratory,Cybersecurity,SECOM,Business,Japan,,,
SHARP Corporation,Hardware Provider,,Business,Japan,,ARIB,
SoftBank Corp.,Financial Institution,,Business,Japan,,ARIB,
Sony Corporation,"Hardware Provider, Consumer hardware and software vendor, Technology research and development company",,Business,Japan,"sony.com, sony.co.jp",ARIB,
Sony Group Corporation,"Hardware Provider, Consumer hardware and software vendor, Technology research and development company",Sony Corporation,Business,Japan,,ARIB,
Sumitomo Electric Industries  Ltd.,Networking equipment vendor,,Business ,Japan,,TTA,
The Telecommunication Technology Committee,Regional Standards Body,,Technical Community,Japan,,TTC,
The University of Tokyo,Research Institution,,Academia,Japan,nc.u-tokyo.ac.jp,ETSI,
TOYOTA MOTOR CORPORATION,"Hardware Provider, Consumer hardware and software vendor",,Business,Japan,,TTC,
"TwoFive, Inc.",Software Provider,,Business,Japan,twofive25.com,,
WIDE project,Research Institution,,Academia,Japan,"wide.ad.jp , sfc.wide.ad.jp",,
DanKook University,Research Institution,,Academia,Korea,,TTA,
Electronics & Telecommunications Research Institute (ETRI),Research Institution,,Academia,Korea,etri.re.kr,TTA,
Ericsson-LG Co.  LTD,Networking equipment vendor,Ericsson,Business,Korea,,TTA,
Hansung University,Research Institution,,Academia,Korea,,TTA,
Huawei Technologies (Korea),Networking equipment vendor,Huawei Device Co. Ltd,Business,Korea,,TTA,
Hyundai Motors,"Hardware Provider, Software Provider",,Business,Korea,,TTA,
Innovative Technology Lab Co.  Ltd,Research Institution,,Business,Korea,,TTA,
Intel Korea Ltd.,Chipmaker,Intel,Business,Korea,,TTA,
Korea Advanced Institute of Science and Technology (KAIST),Research Institution,,Academia,Korea,kaist.ac.kr,,
Korea Internet & Security Agency,,,Government,Korea,kisa.or.kr,,
Korea Railroad Research Institute,Research Institution,,Academia,Korea,,TTA,
Korea Testing Laboratory,Testing and Certification,,Business,Korea,,TTA,
Korean Intellectual Property Office,,,Government,Korea,,TTA,
Korean Register,,,Government,Korea,,TTA,
KT Corporation,Networking Service Provider,,Business,Korea,,TTA,
KT SAT,,KT Corporation,Business,Korea,,TTA,
Kyonggi University,Research Institution,,Academia,Korea,,TTA,
Kyungpook National University,Research Institution,,Academia,Korea,,,
LG Electronics Inc.,"Hardware Provider, Consumer hardware and software vendor",,Business,Korea,,TTA,
LG Uplus,"Hardware Provider, Consumer hardware and software vendor",LG Electronics Inc.,Business,Korea,,TTA,
MediaTek Korea Inc.,"Software Provider, Hardware Provider, Consumer hardware and software vendor",MediaTek Incorporated,Business,Korea,,TTA,
Mobile Technology Convergence Center,,,Government,Korea,,TTA,
Nokia Korea,Networking equipment vendor,Nokia Corporation,Business,Korea,,TTA,
Qualcomm Korea,Chipmaker,Qualcomm Incorporated,Business,Korea,,TTA,
Samsung Electronics Ind. Co.  Ltd.,"Software Provider, Hardware Provider, Consumer hardware and software vendor, Technology research and development company",,Business,Korea,samsung.com,TTA,
SK TELECOM,Telecommunications Provider,,Business,Korea,sk.com,TTA,
SSU,Research Institution,,Academia,Korea,ssu.ac.kr,,
SUNGKYUNKWAN UNIVERSITY,Research Institution,,Academia,Korea,skku.edu,ETSI,
SyncTechno Inc.,Technology research and development company,,Business,Korea,,TTA,
Telecommunications Technology Association (TTA),Regional Standards Body,,Technical Community,Korea,,TTA,
Uangel Corporation,Networking Service Provider,,Business,Korea,,TTA,
WILUS Inc.,Technology research and development company,,Business,Korea,,TTA,
Yonsei University,Research Institution,,Academia,Korea,,TTA,
Conversant Wireless Licensing SARL,,,,Luxembourg,,ETSI,
EAST SA,Financial Institution,,Business,Luxembourg,,ETSI,
Interdisciplinary Centre for Security  Reliability and Trust/University of Luxembourg,Research Institution,,Academia,Luxembourg,,ETSI,
OQ TECHNOLOGY,Satellite Communications Provider,,Business ,Luxembourg,,ETSI,
POST Luxembourg,,,Government,Luxembourg,,ETSI,
SES S.A.,Satellite Communications Provider,,Business,Luxembourg,,ETSI,
Sisvel International S.A.,Technology research and development,,Business,Luxembourg,,ETSI,
MISA,Research Institution,,Academia,Madagascar,misa-madagascar.com,,
cyberstorm.mu,Hackerspace,,Civil Society,Mauritius,cyberstorm.mu,,
Altan Redes S.A.P.I. de C.V.,Telecommunications Provider,,Business,Mexico,,ETSI,
Apple Benelux B.V.,Consumer hardware and software vendor,Apple,Business,Netherlands,,ETSI,
ESA - European Space Agency,,,Intergovernmental Organization,Netherlands,,ETSI,
EVE Compliancy Solutions,Software Provider,,Business,Netherlands,,ETSI,
Koninklijke KPN N.V.,Telecommunications Provider,,Business,Netherlands,kpn.com,ETSI,
Ministry of Economic Affairs and Climate Policy,,,Government,Netherlands,,ETSI,
Nederlands Forensich Instituut,Research Institution,,Government,Netherlands,holmes.nl,,
Netherlands Police  Division MDC,,,Government,Netherlands,,ETSI,
NLnet Labs,Research Institution,,Civil Society,Netherlands,nlnetlabs.nl,,
NXP Semiconductors Netherlands B.V.,Chipmaker,,Business,Netherlands,,ETSI,
one2many B.V.,Content Distribution Network,,Business,Netherlands,,ETSI,
Philips International B.V.,Hardware Provider,,Business,Netherlands,philips.com,ETSI,
PIDS,Research Institution,,Academia,Netherlands,,ETSI,
Qualcomm Technologies Netherlands B.V.,Chipmaker,Qualcomm Incorporated,Business,Netherlands,,ETSI,
Samsung Electronics Benelux BV,"Software Provider, Hardware Provider, Consumer hardware and software vendor, Technology research and development company",Samsung Electronics Ind. Co.  Ltd.,Business,Netherlands,,ETSI,
SIDN,Internet Registry,,Civil Society,Netherlands,sidn.nl,,
TNO,Research Institution,,Business,Netherlands,tno.nl,ETSI,
Spark NZ Ltd,Telecommunications Provider,,Business ,New Zealand,,ATIS,
Nigerian Communications Commission (NCC)  ,,,Government,Nigeria,,,
Ceragon Networks AS,Networking equipment vendor,,Business,Norway,,ETSI,
Nordic Semiconductor ASA,Chipmaker,,Business,Norway,nordicsemi.no,ETSI,
Norwegian Communications Authority,,,Goverment,Norway,,ETSI,
Politiet Norge,Law Enforcement Agency,,Government,Norway,politiet.no,,
Telenor ASA,Telecommunications Provider,,Business,Norway,,ETSI,
University of Oslo,Research Institution,,Academia,Norway,ifi.uio.no,,
Vipps AS,Consumer hardware and software vendor,,Business,Norway,,ETSI,
Apple Poland Sp. z.o.o.,Consumer hardware and software vendor,Apple,Business,Poland,,ETSI,
Intel Technology Poland SP Zoo,Chipmaker,Intel,Business,Poland,,ETSI,
LG Electronics Polska Sp. z.o.o.,"Hardware Provider, Consumer hardware and software vendor",LG Electronics Inc.,Business,Poland,,ETSI,
Motorola Solutions Systems Polska s.p. z.o.o.,"Software Provider, Hardware Provider, Consumer hardware and software vendor",Motorola,Business,Poland,motorolasolutions.com,ETSI,
Nokia Solutions and Networks Sp. z.o.o.,Networking equipment vendor,Nokia Corporation,Business,Poland,,ETSI,
Samsung Electronics Polska,"Software Provider, Hardware Provider, Consumer hardware and software vendor, Technology research and development company",Samsung Electronics Ind. Co.  Ltd.,Business,Poland,,ETSI,
T-Mobile Polska Spolka Akcyjna,Telecommunications Provider,Deutsche Telekom,Business,Poland,,ETSI,
Apple Portugal,Consumer hardware and software vendor,Apple,Business,Portugal,,ETSI,
PT Portugal SGPS SA,Telecommunications Provider,,Business,Portugal,,ETSI,
Ubiwhere Lda,"Technology research and development company, Software Provider",,Business,Portugal,,ETSI,
Orange Romania,Telecommunications Provider,Orange,Business ,Romania,,ETSI,
Samsung Electronics Romania SRL,"Software Provider, Hardware Provider, Consumer hardware and software vendor, Technology research and development company",Samsung Electronics Ind. Co.  Ltd.,Business,Romania,,ETSI,
Vodafone Romania S.A.,Telecommunications Provider,Vodafone Group Plc,Business,Romania,,ETSI,
CRYPTO-PRO,Software Provider,,Business,Russian Federation,cryptopro.ru,,
Intel Russia A/O,Chipmaker,Intel,Business,Russian Federation,,ETSI,
Joint Stock Research and production company Kryptonite,Technology research and development company,,Business,Russian Federation,kryptonite.ru,ETSI,
Nexign ,Software Provider,,Business,Russian Federation,,ETSI,
Rostelekom,Telecommunications Provider,,Business,Russian Federation,,,
Skolkovo Institute of Science and Technology,Research Institution,,Academia,Russian Federation,,ETSI,
The Bonch-Bruevich Saint-Petersburg State University of Telecommunications,Research Institution,,Academia,Russian Federation,,,
Communication and Information Technology Commission,,,Government,Saudi Arabia,,ATIS,
Cyber Security Agency of Singapore,,,Government,Singapore,,ETSI,
MOZARK,Software Provider,,Business,Singapore,,ETSI,
Wireless Broadband Alliance Ltd.,Association,,Business,Singapore,,OTHER,
Ministry of Transport and Construction of the Slovak Republic,,,Government,Slovakia,,ETSI,
Iskratel d.o.o. Ltd.  Telecommunications Systems,Software Provider,,Business,Slovenia,,ETSI,
Slovenian Institute for Standardisation,Regional Standards Body,,Technical Community,Slovenia,,ETSI,
TELKOM SA SOC Ltd,Telecommunications Provider,,Business,South Africa,,ETSI,
Cellnex Telecom,Telecommunications Provider,,Business,Spain,,ETSI,
Centre tecnologic de Telecomunicacions de Catalunya,Research Institution,,Academia,Spain,,ETSI,
DEKRA testing and Certification  S.A.U.,Testing and Certification,,Business,Spain,,ETSI,
EMITE Ingenieria S.L.,Networking equipment vendor,,Business,Spain,,ETSI,
Ericsson España S.A.,Networking equipment vendor,Ericsson,Business,Spain,,ETSI,
France Telecom Espana S.A.U.,Telecommunications Provider,Orange,Business,Spain,francetelecom.com,ETSI,
HISPASAT SA,Satellite Communications Provider,,Business,Spain,,ETSI,
MINISTRY OF ECONOMY AND BUSINESS,,,Government,Spain,,ETSI,
Motorola Mobility España SA,"Software Provider, Hardware Provider, Consumer hardware and software vendor",Motorola,Business,Spain,,ETSI,
NEMERGENT SOLUTIONS SL,"Software Provider, Consulting",,Business,Spain,,ETSI,
QUALCOMM Europe Inc. - Spain Branch Office,Chipmaker,Qualcomm Incorporated,Business,Spain,,ETSI,
Samsung Electronics Iberia SA,"Software Provider, Hardware Provider, Consumer hardware and software vendor, Technology research and development company",Samsung Electronics Ind. Co.  Ltd.,Business,Spain,,ETSI,
Satelio IoT Services,Satellite Communications Provider,,Business,Spain,,ETSI,
TELEFONICA S.A.,Telecommunications Provider,,Business,Spain,"telefonica.com , viaginterkom.de",ETSI,
Universidad Carlos III Madria,Research Institution,,Academia,Spain,it.uc3m.es,,
Universidad de Malaga,Research Institution,,Academia,Spain,,ETSI,
Universidad del País Vasco/Euskal Herriko Unibertsitatea,Research Institution,,Academia,Spain,,ETSI,
Universidad Politecnica de Barcelona,Research Institution,,Academia,Spain,"entel.upc.es, upc.edu, ac.upc.edu",,
University of Murcia,Research Institution,,Academia ,Spain,um.es,,
VALID SOLUCIONES TECNOLÓGICAS S.A.U,Technology research and development company,,Business,Spain,,ETSI,
Verizon Spain S.L.,Internet Registry,Verizon,Business,Spain,,ETSI,
Vodafone España SA,Telecommunications Provider,Vodafone Group Plc,Business,Spain,,ETSI,
Apple AB,Consumer hardware and software vendor,Apple,Business,Sweden,,ETSI,
Bluetest AB,Software Provider,,Business,Sweden,,ETSI,
Ericsson,Networking equipment vendor,,Business,Sweden,"ericsson.com , era.ericsson.se , stericsson.com",,
Ericsson Australia Ltd,Networking equipment vendor,,Business,Australia,ericsson.com.au,,
Ericsson Telefonaktiebolaget LM,Networking equipment vendor,Ericsson,Business,Sweden,,ETSI,
Huawei Technologies Sweden AB,Networking equipment vendor,Huawei Device Co. Ltd,Business,Sweden,,ETSI,
Husqvarna AB (publ),,,Business,Sweden,,ETSI,
Intel Sweden AB,Chipmaker,Intel,Business,Sweden,,ETSI,
National Defence Radio Establishment,,,Government,Sweden,,ETSI,
NETNOD,Infrastructure Company,,Business,Sweden,netnod.se,,
Polismyndigheten,,,Government,Sweden,,ETSI,
Qualcomm Europe Inc. Sweden,Chipmaker,Qualcomm Incorporated,Business,Sweden,,ETSI,
RISE Research Institutes of Sweden,Research Institution,,Academia,Sweden,ri.se,ETSI,
Samsung Electronics Nordic AB,"Software Provider, Hardware Provider, Consumer hardware and software vendor, Technology research and development company",Samsung Electronics Ind. Co.  Ltd.,Business,Sweden,,ETSI,
Sectra Communications AB,Cybersecurity,,Business,Sweden,,ETSI,
Swedish Post and Telecom Authority,,,Government,Sweden,,ETSI,
Swedish Security Service,Law Enforcement Agency,,Government,Sweden,,ATIS,
Telcordia,Software Provider,Ericsson,Business ,Sweden,telcordia.com,,
Telia Company AB,Telecommunications Provider,,Business,Sweden,"telia.se , teliasonera.com",ETSI,
Trafikverket,,,Government,Sweden,,ETSI,
Verizon Sweden Aktiebolag 2116,Internet Registry,Verizon,Business,Sweden,,ETSI,
ZTE Wistron Telecom AB,Networking equipment vendor,ZTE,Business,Sweden,,ETSI,
5G Media Action Group,,,,Switzerland,5g-mag.com,OTHER,
Apple Switzerland AG,Consumer hardware and software vendor,Apple,Business,Switzerland,,ETSI,
DECT Forum,Association,,Business,Switzerland,,ETSI,
EBU - European Broadcasting Union,Association,,Business,Switzerland,,ETSI,
ErvoCom International AG,Software Provider,,Business,Switzerland,,ETSI,
Landis+Gyr Switzerland AG,"Software Provider, Hardware Provider",,Business,Switzerland,landisgyr.com,ETSI,
Ofcom (CH),Regulatory Body,,Government,Switzerland,,ETSI,
Perey Research & Consulting,"Research Institution, Consulting",,Business,Switzerland,,ETSI,
Qualcomm Wireless GmbH,Chipmaker,Qualcomm Incorporated,Business,Switzerland,,ETSI,
Schindler Elevator Ltd,Consumer hardware and software vendor,,Business,Switzerland,,ETSI,
Semtech Neuchatel SA,Chipmaker,,Business,Switzerland,semtech.com,ETSI,
SITA OnAir Switzerland Sarl,Consumer hardware and software vendor,"SITA, Airbus",Business,Switzerland,,ETSI,
STMicroelectronics International NV,Chipmaker,,Business ,Switzerland,,ETSI,
SWISSCOM SA,Telecommunications Provider,,Business,Switzerland,swisscom.com,ETSI,
u-blox AG,Networking Service Provider,,Business,Switzerland,,ETSI,
Verizon Switzerland AG,Internet Registry,Verizon,Business,Switzerland,,ETSI,
Acer Incorporated,Consumer hardware and software vendor,,Business,Taiwan,,ETSI,
Asia Pacific Telecom co. Ltd,Networking equipment vendor,,Business ,Taiwan,,ETSI,
Bureau Veritas,Technology research and development company,,Business,Taiwan,,ETSI,https://en.wikipedia.org/wiki/Bureau_Veritas
Chunghwa Telecommunication Laboratories  Chunghwa Telecommunication Co.,Research Institution,,Business,Taiwan,,ETSI,
Industrial Technology Research Institute,Research Institution,,Academia,Taiwan,,ETSI,
Institute for Information Industry,Research Institution,,Academia,Taiwan,,ETSI,
MediaTek Incorporated,"Software Provider, Hardware Provider, Consumer hardware and software vendor",,Business,Taiwan,,ETSI,
National Taiwan University,Research Institution,,Academia,Taiwan,,ETSI,
Sporton International Inc.,Testing and Certification,,Business ,Taiwan,,ETSI,
Taiwan Network Information Center,Internet Registry,,Government,Taiwan,twnic.tw,,
Lawful Interception,Consulting,,Business,Netherlands,lawfulinterception.com,,
ASELSAN Inc.,Technology research and development company,,Business,Turkey,,ETSI,https://en.wikipedia.org/wiki/Aselsan
Havelsan Hava Elektronik Sanayi ve Ticaret A.S.,Software Provider,,Business,Turkey,,ETSI,
Netas Telecommunication A.S.,Networking Service Provider,,Business,Turkey,,ETSI,
P.I. WORKS TR BILISIM HIZMETLERI A.S.,,,Business,Turkey,,ETSI,
Turk Telekomunikasyon A.S.,Telecommunications Provider,,Business,Turkey,,ETSI,
Turkcell Iletisim Hizmetleri A.S.,Telecommunications Provider,,Business,Turkey,,ETSI,
Vodafone Telekomünikasyon A.S.,Telecommunications Provider,Vodafone Group Plc,Business,Turkey,,ETSI,
EMIRATES TELECOMMUNICATIONS CORPORATION,Telecommunications Provider,,Business,United Arab Emirates,,ETSI,
Etisalat,Telecommunications Provider,,Business,United Arab Emirates,etisalat.ae,,
Technology Innovation Institute,Research Institution,,Academia,United Arab Emirates,,ETSI,
AccelerComm Ltd,Networking equipment vendor,,Business,United Kingdom,,ETSI,
Aeroflex Ltd a VIAVI Solutions Company,Networking equipment vendor,Aeroflex Inc,Business,United Kingdom,aeroflex.com,ETSI,
Airwave Solutions Limited,Networking Service Provider,,Business,United Kingdom,,ETSI,https://en.wikipedia.org/wiki/Airwave_Solutions
Altiostar Networks UK Limited,Software Provider,Altiostar Inc,Business,United Kingdom,altiostar.com,ETSI,
ANRITSU LTD,Networking equipment vendor,,Business,United Kingdom,anritsu.com,ETSI,
Apple (UK) Limited,Consumer hardware and software vendor,Apple,Business,United Kingdom,,ETSI,
Apple Europe Limited,Consumer hardware and software vendor,Apple,Business,United Kingdom,,ETSI,
ARTICLE19,Civil Society Organization,,Civil Society,United Kingdom,article19.org,ETSI,
Avanti Communications Ltd,Networking Service Provider,,Business,United Kingdom,avantiplc.com,ETSI,
BAE Systems Applied Intelligence Limited,Consulting,,Business,United Kingdom,,ETSI,https://en.wikipedia.org/wiki/BAE_Systems_Applied_Intelligence
BlackBerry UK Limited,Consumer hardware and software vendor,,Business,United Kingdom,"blackberry.com , rim.com",ETSI,
BRITISH BROADCASTING CORPORATION,Content Provider,,Civil Society,United Kingdom,bbc.co.uk,ETSI,
BT,Telecommunications Provider,,Business,United Kingdom,"bt.com, bellatlantic.net",ETSI,
Cambium Networks Limited,Networking equipment vendor,,Business,United Kingdom,,ETSI,
CAMBRIDGE CONSULTANTS LTD,Consulting,,Business,United Kingdom,,ETSI,
CKH IOD UK LIMITED,Research Institution,CK Hutchison (CKHH),Business,United Kingdom,,ETSI,
Commscope Technologies AG,Networking Service Provider,,Business,United Kingdom,commscope.com,ETSI,
Department for Digital  Culture  Media and Sport,,,Government,United Kingdom,,ETSI,
DIGITAL CATAPULT,Consulting,,Business,United Kingdom,,ETSI,
Dolby Laboratories Inc.,Technology research and development company,Dolby Inc. ,Business,United Kingdom,,ETSI,
Element Materials Technology Warwick Ltd,Testing and Certification,,Business,United Kingdom,,ETSI,
Ericsson Limited,Networking equipment vendor,Ericsson,Business,United Kingdom,,ETSI,
Global Certification Forum,Testing and Certification,,Business,United Kingdom,,OTHER,
Globile Mobile Suppliers Association,Association,,Business,United Kingdom,,OTHER,
Government Communications Headquarters (GCHQ),Law Enforcement Agency,,Government,United Kingdom,"ntac.gov.uk , ntac.gsi.gov.uk",,
GSM MoU Association,Association,,Business,United Kingdom,,OTHER,
Hitachi Europe Ltd.,"Hardware Provider, Software Provider, Consumer hardware and software vendor",Hitachi Ltd.,Business,United Kingdom,,ETSI,
HOME OFFICE,,,Government,United Kingdom,,ETSI,
Huawei Technologies (UK) Co. Ltd.,Networking equipment vendor,Huawei Device Co. Ltd,Business,United Kingdom,,ETSI,
Huawei Technologies Research & Development (UK) Limited,Networking equipment vendor,Huawei Device Co. Ltd,Business,United Kingdom,,ETSI,
HUGHES Network Systems Ltd,Software Provider,Hughes Network Systems,Business,United Kingdom,,ETSI,
Inmarsat,Satellite Communications Provider,,Business,United Kingdom,,ETSI,
Institute for Communication Systems - University of Surrey,Research Institution,,Academia,United Kingdom,,ETSI,
Intel Corporation (UK) Ltd,Chipmaker,Intel,Business,United Kingdom,,ETSI,
InterDigital Europe Ltd.,Technology research and development company,InterDigital,Business,United Kingdom,,ETSI,
Intertek,Testing and Certification ,,Business,United Kingdom,,ETSI,
IPV6 Forum,Association,,Business,United Kingdom,,OTHER,
Keysight Technologies UK Ltd,Networking equipment vendor,Keysight Technologies Ltd,Business,United Kingdom,keysight.com,ETSI,
LG Electronics UK Ltd,"Hardware Provider, Consumer hardware and software vendor",LG Electronics Inc.,Business,United Kingdom,,ETSI,
M/s Syniverse Technologies Services India Pvt. Ltd.,Networking Service Provider,,Business,United Kingdom,,TSDSI,
Metaswitch,Software Provider,Microsoft,Business,United Kingdom,metaswitch.com,,
Motorola Mobility UK Ltd.,"Software Provider, Hardware Provider, Consumer hardware and software vendor",Motorola,Business,United Kingdom,,ETSI,
Motorola Solutions UK Ltd.,"Software Provider, Hardware Provider, Consumer hardware and software vendor",Motorola,Business,United Kingdom,motorolasolutions.com,ETSI,
National Cyber Security Centre,,,Government,United Kingdom,ncsc.gov.uk,ETSI,
National Technical Assistance Centre,Research Institution,,Academia,United Kingdom,,ETSI,
NEC Europe Ltd,"Software Provider, Hardware Provider",NEC Corporation,Business,United Kingdom,neclab.eu,ETSI,
NEC Telecom MODUS Ltd.,"Software Provider, Hardware Provider",NEC Corporation,Business,United Kingdom,,ETSI,
Nokia UK Ltd.,Networking equipment vendor,Nokia Corporation,Business,United Kingdom,,ETSI,
NOVAMINT,Consulting,,Business,United Kingdom,,ETSI,
Ofcom - Office of Communications (U.K.),Regulatory Body,,Government,United Kingdom,,ETSI,
Orange Brand Services Ltd,Telecommunications Provider,Orange,Business ,United Kingdom,,ETSI,
Qualcomm Technologies International  Ltd,Chipmaker,Qualcomm Incorporated,Business,United Kingdom,,ETSI,
Quixoticity,,,Business,United Kingdom,,ETSI,
Samsung R&D Institute UK,Technology research and development,Samsung Electronics Ind. Co.  Ltd.,Business,United Kingdom,,ETSI,
Satellite Applications Catapult Ltd,Satellite Communications Provider,,Business,United Kingdom,,ETSI,
Sensus UK Systems Limited,"Hardware Provider, Software Provider",,Business,United Kingdom,,ETSI,
Sepura Limited,Networking equipment vendor,,Business,United Kingdom,sepura.com,ETSI,
SGS Wireless,Testing and Certification,,Business,United Kingdom,,ETSI,
Small Cell Forum,Association,,Business,United Kingdom,,OTHER,
Sony Europe B.V.,"Hardware Provider, Consumer hardware and software vendor, Technology research and development company",Sony Corporation,Business,United Kingdom,eu.sony.com,ETSI,
Tencastle,Consulting,,Business,United Kingdom,tencastle.com,,
The Critical Communication Association,Association,,Business,United Kingdom,,OTHER,
Three,Telecommunications Provider,,Business,United Kingdom,three.co.uk,,
Toshiba,"Hardware Provider, Consumer hardware and software vendor",,Business,United Kingdom,"tari.toshiba.com, toshiba.co.jp",ETSI,
TTP plc,Technology research and development company,,,United Kingdom,,ETSI,
TUV SUD BRITISH APPROVALS BOARD FOR TELECOMMUNICATIONS,Testing and Certification,,Government,United Kingdom,,ETSI,
UL VS Ltd,Technology research and development company,,Business,United Kingdom,,ETSI,
University College London (UCL),Research Institution,,Academia,United Kingdom,ucl.ac.uk,,
Verizon UK Ltd,Internet Registry,Verizon,Business,United Kingdom,,ETSI,
Vodafone Group Plc,Telecommunications Provider,,Business,United Kingdom,"gb.vodafone.co.uk , vf.vodafone.co.uk , vodafone.com",ETSI,
4G Americas,,,,United States,,OTHER,
5G Americas,,,,United States,,OTHER,
Adobe,Software Provider,,Business,United States,"adobe.com, gbiv.com",,
ADTRAN Inc,Networking equipment vendor,,Business,United States,,,
Aeroflex Inc,Networking equipment vendor,,Business,United States,,,https://en.wikipedia.org/wiki/Aeroflex
Afilias,Internet Registry,,Business,United States,afilias.info,,
Akamai Technologies,Content Distribution Network,,Business,United States,akamai.com,,
Akamai,,Akamai Technologies,,,,,
Akami Technologies,,Akamai Technologies,,,,,
Alliance for Telecommunications Industry Solutions,Regional Standards Body,,Technical Community,United States,,ATIS,
Altiostar Inc,Software Provider,,Business,United States,,,
Amazon Web Services  Inc.,Cloud Provider,,Business,United States,amazon.com,ETSI,
AMS,IETF secretariat,,Technical Community,United States,amsl.com,,
Anterix,Networking equipment vendor,,Business,United States,,ATIS,
Apple,Consumer hardware and software vendor,,Business,United States,apple.com,,
Apple Inc.,,Apple,,,,,
Arista Networks,Cloud Provider,,Business,United States,arista.com,,
ARM,Chipmaker,,Business,United States,arm.com,,
Arrcus,Cloud Provider,,Business ,United States,arrcus.com,,
AT&T,Telecommunications Provider,,Business ,United States,"att.com, cingular.com",ATIS,
AT&T Research,Telecommunications Provider,AT&T,Business,United States,research.att.com,ATIS,
AT&T Wireless Services Inc.,Telecommunications Provider,AT&T,Business,United States,attws.com,ATIS,
Automotive Edge Computing Consortium,Association,,Business,United States,,OTHER,
Avaya,Networking equipment vendor,,Business,United States,avaya.com,,
Azimuth Systems,Networking equipment vendor,ANRITSU LTD,Business,United States,azimuthsystems.com,ETSI,https://en.wikipedia.org/wiki/Azimuth_Systems
Brave,,,,,,,
Brave Software,,Brave,,,,,
BROADCOM CORPORATION,Hardware Developer,,Business,United States,broadcom.com,ETSI,
Brocade Communication Systems,Hardware Developer,,Business,United States,brocade.com,,
C Spire Wireless,Software Provider,,Business,United States,,ATIS,https://en.wikipedia.org/wiki/C_Spire
CableLabs,Research Institution,,Civil Society,United States,cablelabs.com,ETSI,
Cadence Design Systems Inc.,Software Provider,,Business,United States,,ETSI,https://en.wikipedia.org/wiki/Cadence_Design_Systems
Carnegie Mellon University,Research Institution,,Academia,United States,sei.cmu.edu,,
Casa Systems Inc.,Software Provider,,Business,United States,,ETSI,
Center for Internet Security,Research Institution,,Technical community,United States,cisecurity.org,ETSI,
Center for Democracy & Technology,,,,,cdt.org,,
Charter Communications,Telecommunications Provider,,Business,United States,charter.com,ATIS,
Ciena,Networking equipment vendor,,Business,United States,ciena.com,,
Cisco,Networking equipment vendor,,Business,United States,cisco.com,ATIS,
Cisco Systems,Networking equipment vendor,Cisco,Business,United States,,ATIS,
Cisco Systems Inc.,,Cisco,,,,,
"Cisco Systems, Inc.",,Cisco,,,,,
Cisco System Inc.,,Cisco,,,,,
Classon Consulting,Consulting,,Business,United States,,ATIS,
Cloudflare,Content Distribution Network,,Business,United States,cloudflare.com,,
CloudFlare,,Cloudflare,,,,,
Cloudflare Inc.,,Cloudflare,,,,,
Coherent Logix,Hardware Provider,,Business,United States,,ATIS,
Columbia University,Research Institution,,Academia,United States,cs.columbia.edu,,
Comcast,Telecommunications Provider,,Business,United States,"comcast.com , cable.comcast.com, chriswendt.net",ATIS,
Comtech Telecommunications Corp,Hardware Provider,,Business,United States,,ATIS,
Convida Wireless  LLC,Technology research and development company,"Interdigital, Sony Corporation",Business,United States,,ETSI,
Cornell University,Research Institution,,Academia,United States,"cornell.edu, cs.cornell.edu",,
CORNING OPTICAL COMMUNICATIONS,Hardware Provider,,Business,United States,,ETSI,
Corporation for National Research Initiatives (CNRI),Research Institution,,,United States,cnri.reston.va.us,,
CTIA,Association,,Business,United States,,OTHER,
CUJO Al,Software Provider,,Business,United States,,,
Cybersecurity and Infrastructure Security Agency (CISA) ECD,,,Government,United States,HQ.DHS.GOV,ATIS,
Dell Technologies,Hardware Provider,,Business,United States,dell.com,ATIS,
Dish Network,Consumer hardware and software vendor,,Business,United States,,ATIS,
Dolby Inc. ,Software Provider,,Business,United States,,,
Eland Systems,Cybersecurity,,Business,United States,elandsys.com,,
Ericsson Incorporated,Networking equipment vendor,Ericsson,Business,United States,,ATIS,
Everactive,Consumer hardware and software vendor,,Business,United States,,ETSI,
Export Import bank of the United States,Financial Institution,,Business,United States,,ATIS,
F5 Networks Inc.,"Consulting, Software Provider ",,Business,United States,f5.com,OTHER,
Facebook,Content Provider,Meta USA,Business,United States,fb.com,ETSI,
Fastly,Content Distribution Network,,Business,United States,fastly.com,,
Federal Communications Commission,,,Government,United States,fcc.gov,ETSI,
Federated Wireless,Networking Equipment Vendor,,Business,United States,,CCSA,
FirstNet,,,Government,United States,,ETSI,
Ford Motor Company,Hardware Provider,,Business,United States,,ETSI,
Futurewei Technologies,Networking equipment vendor,Huawei Device Co. Ltd,Business,United States,,ATIS,
Futurewei Technologies Inc.,Networking equipment vendor,Huawei Device Co. Ltd,Business,United States,,ETSI,
Georgia Tech Research Corporation,Research Institution,,Academia,United States,,ETSI,
GLOBALSTAR Inc.,Satellite Communications Provider,,Business,United States,,ETSI,
GoDaddy,Internet Registry,,Business,United States,godaddy.com,,
Google,"Advertising company , Content Distribution Network, Software developer, Research Institution",,Business,United States,"google.com, alvestrand.no",ATIS,
Google Switzerland,,Google,,,,,
HEPTA 7291,Consumer hardware and software vendor,,Business,United States,,ETSI,
Hewlett-Packard,"Hardware Provider, Software Provider",,Business,United States,hp.com,,
Hexagon Autonomy & Positioning,"Hardware Provider, Software Provider",,Business,United States,,ATIS,
Hughes Network Systems,Software Provider,,Business,United States,hughes.com,,
IBM ,Hardware Provider,,Business,United States,"watson.ibm.com, ibm.com",,
Idaho National Laboratory,Research Institution,,Academia,United States,,ETSI,
Infinera,Telecommunications Provider,,Business,United States,"infinera.com, iki.fi",,
Infoblox Inc.,Software Provider,,Business,United States,infoblox.com,ETSI,
Intel,Chipmaker,,Business,United States,intel.com,ATIS,
Intelsat,Satellite Communications Provider,,Business,United States,,ATIS,
InterDigital,Technology research and development company,,Business,United States,interdigital.com,ATIS,
InterDigital Communications Corporation,Technology research and development company,InterDigital,Business,United States,,ATIS,
JMA Wireless,Networking Service Provider,,Business,United States,,ATIS,
Johns Hopkins University Applied Physics Laboratory,Research Institution,,Academia,United States,innovationslab.net,ATIS,
Juniper Networks,Networking equipment vendor,,Business,United States,juniper.net,ATIS,
Juniper Networks EU,Networking equipment vendor,Juniper Networks,Business,United States,,ETSI,
Keysight Technologies Ltd,Networking equipment vendor,,Business,United States,keysight.com,,
Kymeta Corporation,,,,United States,,ETSI,
L3Harris Technologies,Networking Service Provider,,Business,United States,,ATIS,
Ligado Networks,Satellite Communications Provider,,,United States,,ETSI,
Linespeed,Telecommunications Provider,,Business,United States,linespeed.io,,
LinkedIn,Software Provider,,Business,United States,linkedin.com,,
Locaila,Technology research and development company,,Business,United States,,ATIS,
Lockheed Martin,Cybersecurity,,Business,United States,,ATIS,
Lynk Global,Satellite Communications Provider,,Business,United States,,ATIS,
MATRIXX Software  Inc.,Networking Service Provider,,Business,United States,,ETSI,
Mavenir Systems  Inc,Software Provider,,Business,United States,mavenir.com,ETSI,
Maxar,Satellite Communications Provider,,Business,United States,,ATIS,
Merit Network,,,,United States,merit.edu,,
Meta USA,Content Provider,,Business,United States,,ATIS,
Microchip Technology  Inc.,Chipmaker,,Business,United States,microchip.com,ATIS,
Microsoft,Consumer hardware and software vendor,,Business,United States,microsoft.com,,
MIT,Research Institution,,Academia,United States,"theory.lcs.mit.edu, alum.mit.edu, mit.edu, csail.mit.edu",,
MITRE,Cybersecurity,,Business,United States,mitre.org,ETSI,
Motorola,"Software Provider, Hardware Provider, Consumer hardware and software vendor",,Business,United States,"email.mot.com, motorola.com",,
Mozilla,Software Provider,,Business,United States,mozilla.com,,
MulteFire Alliance,Association,,Business,United States,,OTHER,
NASA,Space Agency,,Government,United States,"jpl.nasa.gov, nasa.gov",ATIS,
National Institute of Standards and Technology,Research Institution,,Academia,United States,nist.gov,ATIS,
National Instruments Corporation,"Software Provider, Hardware Provider",,Business,United States,,ETSI,
National Spectrum Consortium,Association,,Business,United States,,ATIS,
National Telecommunications and Information Administration,,,Government,United States,,ATIS,
NetApp,Content Distribution Network,,Business,United States,netapp.com,,
Netflix,Content Provider,,Business,United States,netflix.com,,
Netscape,,,Business,United States,netscape.com,,
Netscout Systems Inc.,Software Provider,,Business,United States,netscout.com,ETSI,
Neustar  Inc.,"Cybersecurity, Consulting",,Business,United States,"neustar.biz, dragon.net",ATIS,
NextNav,"Software Provider, Hardware Provider",,Business,United States,,ATIS,
NIST,Regional Standards Body,,Government,United States,nist.gov,,
Nokia,Networking equipment vendor,Nokia Corporation,Business,United States,nokia.com,ATIS,
Novell,Software Provider,,Business,United States,novell.com,,
Omnispace,Telecommunications Provider,,Business,United States,,ATIS,
ONE Media 3.0 LLC,Content Distribution Network,,Business,United States,,ATIS,
Operational Technology Division (OTD),Software Provider,,Business,United States,,ETSI,
Oracle,Database Provider,,Business ,United States,oracle.com,ETSI,
PCTEST Engineering Laboratory  Inc.,Research Institution,,Business,United States,,ATIS,
Peraton Labs,"Research Institution, Cybersecurity",Vencore,Business,United States,,ATIS,
PHY Wireless,"Software Provider, Hardware Provider",,Business,United States,,ATIS,
Pivotal Commware,Networking equipment vendor,,Business,United States,,ATIS,
Polaris Wireless,Software Provider,,Business,United States,,ATIS,
Puloli,Networking Service Provider,,Business,United States,puloli.com,ATIS,
Qorvo,Chipmaker,,Business,United States,,ETSI,
Qualcomm Incorporated,Chipmaker,,Business,United States,"qti.qualcomm.com, qualcomm.com",ATIS,
Raytheon BBN,Technology research and development company,,Business,United States,bbn.com,,
Red Hat Inc,Software Provider,,Business,United States,"redhat.com, nohats.ca",,
Redback Networks,"Software Provider, Hardware Provider",,Business,United States,redback.com,,
RSA Security LLC,Cybersecurity,,Business,United States,rsasecurity.com,,
Salesforce,Software Provider,,Business,United States,salesforce.com,CCSA,
Samsung Research America,Research Institution,Samsung Electronics Ind. Co.  Ltd.,Business,United States,,ATIS,
Sinodun Internet Technologies,Cybersecurity,,Business,United States,sinodun.com,,
Sinodun,,Sinodun Internet Technologies,,,,,
Sinodun IT,,Sinodun Internet Technologies,,,,,
Skyworks Solutions Inc.,Chipmaker,,Business,United States,,ETSI,
Sorenson Communications,Real time video,,Business ,United States,sorenson.com,,
Southern Linc.,Telecommunications Provider,,Business ,United States,,ATIS,
SpaceX Services  Inc,Space Agency,,Business ,United States,,ETSI,
Sparta,Telecommunications Provider,,Business ,United States,sparta.com,,
Spectrum Effect,Cybersecurity,,Business ,United States,,ETSI,
Spirent Communications,Testing and Certification,,Business ,United States,spirent.com,ETSI,
SS8 Networks Inc.,"Software Provider, Consulting",,Business ,United States,ss8.com,ETSI,
Stanford Computer Science,Research Institution,,Academia,United States,cs.stanford.edu,,
Swift Navigation,"Software Provider, Hardware Provider",,Business,United States,,ETSI,
T-Mobile USA  Inc.,Telecommunications Provider,Deutsche Telekom,Business,United States,t-mobile.com,ETSI,
T-Mobile USA Inc.,Telecommunications Provider,Deutsche Telekom,Business,United States,t-mobile.de,ATIS,
Tantra Analyst,Consulting,,Business,United States,,ETSI,
Telecommunication Industry Association  (TIA),Standards Development Organisation,,Technical Community,United States,,OTHER,
TEOCO,Software Provider,,Business,United States,,ATIS,
Teradyne,"Hardware Provider, Testing and Certification",,Business,United States,,ATIS,
TOYOTA Info Technology Center USA  Inc.,"Hardware Provider, Consumer hardware and software vendor",TOYOTA MOTOR CORPORATION,Business,United States,,ETSI,
Tridea Works,Consulting,,Business,United States,trideaworks.com,,
U.S. Department of Defense,,,Government,United States,,ATIS,
U.S. Department of Transportation,,,Government,United States,,ATIS,
U.S. Naval Research Laboratory,,,Government,United States,"itd.nrl.navy.mil, nrl.navy.ml",,
Union Telephone Company,Association,,Business,United States,,ATIS,
University of California Santa Barbara,Research Institution,,Academia,United States,cs.ucsb.edu,,
"University of California, Berkeley",Research Institution,,Academia,United States,"cal.berkeley.edu, cs.berkeley.edu",,
"University of California, Los Angeles",Research Institution,,Academia,United States,cs.ucla.edu,,
University of Delaware,Research Institution,,Academia,United States,cis.udel.edu,,
University of Michigan,Research Institution,,Academia,United States,umich.edu,,
University of Minnesota,Research Institution,,Academia,United States,umn.edu,,
University of Southern California Information Sciences Institute USC ISI,Research Institution,,Academia,United States,isi.edu,,
University of Washington,Research Institution,,Academia,United States,"washington.edu, cs.washington.edu",,
University of Wisconsin,Research Institution,,Academia,United States,doit.wisc.edu,,
US Bank,Financial Institution,,Business,United States,usbank.com,,
US Cellular Corporation,Telecommunications Provider,,Business,United States,,ETSI,
US National Aeronautics and Space Administration,Space Agency,,Government,United States,cyber.nsa.gov,ATIS,
US National Security Agency,Cybersecurity,,Government,United States,"nsa.gov , tycho.ncsc.mil , restarea.ncsc.mil, cyber.nsa.gov",ATIS,
Valeo Radar Systems Inc. (VRS),Hardware Provider,Valeo,Business,United States,,ETSI,
Verisign,Internet Registry,,Business,United States,"verisignlabs.com , verisign.com",,
Verizon,Internet Registry,,Business,United States,"verizonwireless.com, verizon.com, verizon.net",,
VMware,Software Provider,,Business,United States,vmware.com,,
Western Digital Technologies  Inc.,Consumer hardware and software vendor,,Business,United States,,ETSI,
Xcape  Inc.,Consulting,,Business,United States,,ATIS,
Xerox,Software Provider,,Business,United States,cp10.es.xerox.com,,
Yaana,Software Provider,,Business,United States,yaanatech.com,,
3GPP,Standards Body,,Technical Community,,3gpp.org,,
APNIC,Internet Registry,,Technical Community,,apnic.net,,
IANA,Internet Registry,,Technical Community,,iana.org,,
ICANN,Internet Governance Body,,Technical Community,,icann.org,,
Internet Society,Internet Governance Body,,Civil Society,,isoc.org,,
Internet Systems Consortium,,,,,isc.org,,
ISC,Internet Registry,,Business,,,,
LACNIC,Internet Registry,,Technical Community,,lacnic.net,,
RIPE NCC,Internet Registry,,Technical Community,,ripe.net,,
World Wide Web Consortium (W3C),Internet Governance Body,,Technical Community,,w3.org,,
Centre for Development of Telematics,Technology research and development company,,Government,India,cdot.in,,
D2 Mannesmann,Telecommunications Provider,Vodafone Group Plc,Business,Germany,d2mannesmann.de,,
Iskra,Telecommunications Provider,,Business,Slovenia,iskratel.si,,
Polizia di Stato,,,Government,Italy,poliziadistato.it,,
BAE Systems,Cybersecurity,,Business,United Kingdom,baesystems.com,,
Sprint Corporation,Telecommunications Provider,T-Mobile USA  Inc.,Business,United States,sprint.com,,
Informatik Service Center ISC-EJPD,,,Government,Switzerland,isc-ejpd.admin.ch,,
XS4ALL,Networking Service Provider,Koninklijke KPN N.V.,Business,Netherlands,xs4all.nl,,
FRA,,,Government,Sweden,fra.se,,
,Networking equipment vendor,Ericsson,Business,United States,am1.ericsson.se,,
UK Home Office,,,Government,United Kingdom,homeoffice.gsi.gov.uk,,
O2 UK,Telecommunications Provider,,Business,United Kingdom,o2.com,,
Het Net ,Networking Service Provider,,Business,Netherlands,hetnet.nl,,
Yaana,,,Business,India,yaana.com,,
Three,Telecommunications Provider,Hutchison 3G Enterprises S.A.R.L.,Business,,hutchison3g.com,,
SMTP Inc.,,,Business,Canada,smtp.gc.ca,,
Netmagic Solutions,Telecommunications Provider,NTT Communications,,Japan,netmagic.com,,
Eastern Caribbean Telecommunications Authority,Regulatory Body,,Government,Dominica,ectel.com,,
IEEE,,,,,ieee.org,,
