name,category,subsidiary of / alias of,stakeholdergroup,nationality,email domain names,Membership Organization,Wiki Page
3GPP,Standards Body,,Technical Community,,3gpp.org,,
450connect GmbH,,,,Germany,,ETSI,
4G Americas,,,,United States,,OTHER,
5G Americas,,,,United States,,OTHER,
5G Automotive Association,Association,,Business,Germany,,OTHER,
5G Deterministic Networking Alliance,Association,,Business,China,,OTHER,
5G Infrastructure Association,Association,,Business,Belgium,,ETSI,
5G Media Action Group,,,,Switzerland,5g-mag.com,OTHER,
5G Slicing Association,Association,,Business,China,,OTHER,
5G Wireless Intelligent Networks,,,,Israel,,ETSI,
5G-ACIA,,,,Germany,,OTHER,
7LAYERS GmbH,Telecommunications Provider,,Business,Germany,7layers.de,ETSI,
A.S.T.R.I.D. SA,Telecommunications Provider,,Business,Belgium,,ETSI,
Aalborg University,Research Institution,,Academia,Denmark,es.aau.dk,,
Academy of Broadcasting Planning  NRTA,Research Institution,,,China,,CCSA,
Academy of Broadcasting Science,Research Institution,,,China,,CCSA,
AccelerComm Ltd,Networking equipment vendor,,Business,United Kingdom,,ETSI,
Acer Incorporated,Consumer hardware and software vendor,,Business,Taiwan,,ETSI,
adare GmbH,Software provider,,Business,Germany,,ETSI,
Adobe,Software provider,,Business,United States,"adobe.com, gbiv.com",,
ADTRAN Inc,Networking equipment vendor,,Business,United States,,,
ADTRAN GmbH,Networking equipment vendor,ADTRAN Inc,Business,Germany,,ETSI,
Aeroflex Inc,Networking equipment vendor,,Business,United States,,,https://en.wikipedia.org/wiki/Aeroflex
Aeroflex Ltd a VIAVI Solutions Company,Networking equipment vendor,Aeroflex Inc,Business,United Kingdom,aeroflex.com,ETSI,
Afilias,Internet Registry,,Business,United States,afilias.info,,
Airbus DS SLC,Telecommunications Provider,,Business,France,airbus.com,ETSI,
Airwave Solutions Limited,Network Service Provider,,Business,United Kingdom,,ETSI,https://en.wikipedia.org/wiki/Airwave_Solutions
Akamai Technologies,Content Distribution Network,,Business,United States,akamai.com,,
albis-elcon system Germany GmbH,Telecommunications Provider,,Business,Germany,,ETSI,
Alcatel-Lucent International,Networking equipment vendor,Nokia Corporation,Business,France,"alcatel-lucent.com, alcatel-lucent.fr , lucent.com, alcatel.be",ETSI,
Alibaba (China) Group.  Ltd.,,,Business,China,alibaba-inc.com,CCSA,
Alliance for Telecommunications Industry Solutions,Regional Standards Body,,Technical Community,United States,,ATIS,
Allot Ltd,Networking equipment vendor,,Business,Israel,,ETSI,https://en.wikipedia.org/wiki/Allot
ALMA MATER STUDIORUM Università di Bologna,Research Institution,,Academia,Italy,,ETSI,
Altan Redes S.A.P.I. de C.V.,Telecommunications Provider,,Business,Mexico,,ETSI,
Altiostar Inc,Software provider,,Business,United States,,,
Altiostar Networks UK Limited,Software provider,Altiostar Inc,Business,United Kingdom,altiostar.com,ETSI,
Amazon Web Services  Inc.,Cloud Provider,,Business,United States,amazon.com,ETSI,
Amdocs Software Systems Limited,Software provider,,Business,Ireland,amdocs.com,ETSI,
AMS,IETF secretariat,,Technical Community,United States,amsl.com,,
Andrew Wireless Systems GmbH,Networking equipment vendor,,Business,Germany,,ETSI,
Anemone Technology,Consulting,,Business,Denmark,,ETSI,
ANRITSU CORPORATION,Networking equipment vendor,ANRITSU LTD,Business,Japan,anritsu.com,ARIB,https://en.wikipedia.org/wiki/Anritsu
ANRITSU LTD,Networking equipment vendor,,Business,United Kingdom,anritsu.com,ETSI,
Anterix,Networking equipment vendor,,Business,United States,,ATIS,
APNIC,Internet Registry,,Technical Community,,apnic.net,,
Apple,Consumer hardware and software vendor,,Business,United States,apple.com,,
Apple (UK) Limited,Consumer hardware and software vendor,Apple,Business,United Kingdom,,ETSI,
Apple AB,Consumer hardware and software vendor,Apple,Business,Sweden,,ETSI,
Apple Benelux B.V.,Consumer hardware and software vendor,Apple,Business,Netherlands,,ETSI,
Apple Computer Trading (Shanghai) Co. Ltd.,Consumer hardware and software vendor,Apple,Business,China,,CCSA,
Apple Europe Limited,Consumer hardware and software vendor,Apple,Business,United Kingdom,,ETSI,
Apple France,Consumer hardware and software vendor,Apple,Business,France,,ETSI,
Apple Gesellschaft m.b.H.,Consumer hardware and software vendor,Apple,Business,Austria,,ETSI,
Apple GmbH,Consumer hardware and software vendor,Apple,Business,Germany,,ETSI,
Apple Hungary Kft.,Consumer hardware and software vendor,Apple,Business,Hungary,,ETSI,
Apple Italia S.R.L.,Consumer hardware and software vendor,Apple,Business,Italy,,ETSI,
Apple Poland Sp. z.o.o.,Consumer hardware and software vendor,Apple,Business,Poland,,ETSI,
Apple Portugal,Consumer hardware and software vendor,Apple,Business,Portugal,,ETSI,
Apple Purchase Operation management,Consumer hardware and software vendor,Apple,Business,China,,CCSA,
Apple R&D,Consumer hardware and software vendor,Apple,Business,China,,CCSA,
Apple Switzerland AG,Consumer hardware and software vendor,Apple,Business,Switzerland,,ETSI,
AQSACOM S.A.S.,Software provider,,Business,France,,ETSI,
Arista Networks,Cloud Provider,,Business,United States,arista.com,,
Arrcus,Cloud Provider,,Business ,United States,arrcus.com,,
ARM,Chipmaker,,Business,United States,arm.com,,
ARTICLE19,Civil Society Organization,,Civil Society,United Kingdom,article19.org,ETSI,
ASELSAN Inc.,Technology research and development company,,Government related,Turkey,,ETSI,https://en.wikipedia.org/wiki/Aselsan
Asia Pacific Telecom co. Ltd,Networking equipment vendor,,Business ,Taiwan,,ETSI,
AsiaInfo Technologies (China)  Inc.,Software provider,AsiaInfo Technologies Inc,Business ,China,,CCSA,
AsiaInfo Technologies Inc,Software provider,,Business ,China,,ETSI,
ASR Microelectronics Technology Co.  Ltd,Chipmaker,,Business ,China,,CCSA,
Association of Radio Industries and Businesses,Regional Standards Body,,Technical Community,Japan,,ARIB,
Astrome Technologies Pvt Lt,Networking equipment vendor,,Business ,India,,TSDSI,
ASUSTEK COMPUTER (SHANGHAI) CO. LTD.,Consumer hardware and software vendor,,Business ,China,,CCSA,
AT&T,Telecommunications Provider,,Business ,United States,att.com,ATIS,
AT&T Global Network Services Belgium SPRL,Telecommunications Provider,AT&T,Business ,Belgium,,ETSI,
ATEME SA,Software provider,,Business ,France,,ETSI,
Attorney-General's Department  Australian Government,,,Government,Australia,,ETSI,
Austrian Federal Ministry of Agriculture  Regions and Tourism,,,Government,Austria,,ETSI,
Automotive Edge Computing Consortium,,,Business,United States,,OTHER,
Autorité de régulation des communications électroniques et des postes,Regulatory Body,,Government,France,,ETSI,
Avanti Communications Ltd,Network Service Provider,,Business,United Kingdom,avantiplc.com,ETSI,
Avaya,Networking equipment vendor,,Business,United States,avaya.com,,
Azimuth Systems,Networking equipment vendor,ANRITSU LTD,Business,United States,azimuthsystems.com,ETSI,https://en.wikipedia.org/wiki/Azimuth_Systems
B-Com,Research Institution,,,France,,ETSI,
BAE Systems Applied Intelligence Limited,Consulting,,Business,United Kingdom,,ETSI,https://en.wikipedia.org/wiki/BAE_Systems_Applied_Intelligence
Baicells Technologies Co. Ltd,Network Service Provider,,Business,China,,CCSA,
Beijing Commsat Technology Development Co. Ltd.,,,,China,,CCSA,
Beijing Jiaotong University,Research Institution,,Academia,China,,CCSA,
Beijing Lenovo Software Ltd.,Consumer hardware and software vendor,Lenovo (Beijing) Ltd,Business,China,,CCSA,
Beijing OPPO Communications corp.  ltd,Consumer hardware and software vendor,,Business,China,oppo.com,CCSA,https://en.wikipedia.org/wiki/Oppo
BEIJING SAMSUNG TELECOM R&D CENTER,Consumer hardware and software vendor,Samsung Electronics Ind. Co.  Ltd.,Business,China,,CCSA,
Beijing Starpoint Technology Company Limited,Technology research and development company,,Business,China,,CCSA,
Beijing Telecom Planning & Designing Institute Co. LTD.,Technology research and development company,,Business,China,,CCSA,
Beijing University of Posts and Telecommunications,Research Institution,,Academia,China,bupt.edu.cn,CCSA,
Beijing Xiaomi Electronics,Consumer hardware and software vendor,Xiaomi Technology,Business,China,xiaomi.com,CCSA,
Beijing Xiaomi Mobile Software Co.  Ltd.,Consumer hardware and software vendor,Xiaomi Technology,Business,China,xiaomi.com,CCSA,
Beijing Xiaomi Software Technology,Consumer hardware and software vendor,Xiaomi Technology,Business,China,xiaomi.com,CCSA,
Bell Mobility,Telecommunications Provider,,Business,Canada,bell.ca,ETSI,
Bharat Electronics Limited,Networking equipment vendor,,Government related,India,,TSDSI,https://en.wikipedia.org/wiki/Bharat_Electronics
Bharat Sanchar Nigam Limited,Telecommunications Provider,,Government related,India,,TSDSI,https://en.wikipedia.org/wiki/Bharat_Sanchar_Nigam_Limited
Bharti Airtel Limited,Telecommunications Provider,,Government related,India,,TSDSI,https://en.wikipedia.org/wiki/Bharti_Airtel
BIPT - Belgian Institute for Postal services & Telecommunications,Research Institution,,Academia,Belgium,,ETSI,
Bittium Wireless Ltd.,Networking equipment vendor,,Business,Finland,,ETSI,
BlackBerry UK Limited,Consumer hardware and software vendor,,Business,United Kingdom,"blackberry.com , rim.com",ETSI,
Bluetest AB,Software provider,,Business,Sweden,,ETSI,
BMW Brilliance Automotive Ltd.,,,Business,China,,CCSA,https://en.wikipedia.org/wiki/BMW_Brilliance
Botswana Communications Regulatory Authority,Regulatory Body,,Government,Botswana,,ETSI,
BOUYGUES Telecom,Telecommunications Provider,,Business,France,,ETSI,https://en.wikipedia.org/wiki/Bouygues_Telecom
BRITISH BROADCASTING CORPORATION,Content Provider,,Civil Society,United Kingdom,bbc.co.uk,ETSI,
Broadband India Forum,,,Technical community,India,,TSDSI,
Broadcast Networks Europe,,,Business,Belgium,,ETSI,
BROADCOM CORPORATION,Hardware developer,,Business,United States,broadcom.com,ETSI,
BROADPEAK,Networking equipment vendor,,Business,France,broadpeak.tv,ETSI,
Brocade Communication Systems,Hardware developer,,Business,United States,brocade.com,,
BT,Telecommunications Provider,,Business,United Kingdom,"bt.com, bellatlantic.net",ETSI,
BTL Inc.,Technology research and development company,,Business,China,,ETSI,
Bull SAS,Consumer hardware and software vendor,,Business,France,,ETSI,https://en.wikipedia.org/wiki/Groupe_Bull
Bundesamt für Verfassungsschutz,Regulatory Body,,Government,Germany,,ETSI,
Bundeskriminalamt,,,Government,Germany,,ETSI,
Bureau Veritas,Technology research and development company,,Business,Taiwan,,ETSI,https://en.wikipedia.org/wiki/Bureau_Veritas
C Spire Wireless,Software provider,,Business,United States,,ATIS,https://en.wikipedia.org/wiki/C_Spire
C-DOT,Telecommunications Provider,,Business,India,,TSDSI,
CableLabs,Research Institution,,Civil Society,United States,cablelabs.com,ETSI,
Cadence Design Systems Inc.,Software provider,,Business,United States,,ETSI,https://en.wikipedia.org/wiki/Cadence_Design_Systems
CAICT,Research Institution,,Academia,China,caict.ac.cn,CCSA,
CALTTA TECHNOLOGIES CO.  LTD.,Software provider,ZTE,Business,China,,CCSA,
Cambium Networks Limited,Networking equipment vendor,,Business,United Kingdom,,ETSI,
CAMBRIDGE CONSULTANTS LTD,Consulting,,Business,United Kingdom,IEEE.ORG,ETSI,
Canon Inc. ,Hardware developer,,Business,Japan,,,https://en.wikipedia.org/wiki/Canon_Inc.
CANON Research Centre France SAS,Technology research and development company,Canon Inc. ,Business,France,,ETSI,
Carnegie Mellon University,Research Institution,,Academia,United States,sei.cmu.edu,,
Casa Systems Inc.,Software provider,,Business,United States,,ETSI,
Cellnex Telecom,Telecommunications Provider,,Business,Spain,,ETSI,
Cellular Operators Association of India (COAI),Association,,Business,India,,OTHER,
Center for Internet Security,Research Institution,,Technical community,United States,,ETSI,
Central Office for Information Technology in the Security Sector,,,Government,Germany,,ETSI,
CENTRE FOR RESEARCH AND TECHNOLOGY HELLAS,Research Institution,,Business,Greece,,ETSI,
Centre of Excellence in Wireless Technology (CEWiT),Research Institution,,Technical community,India,,TSDSI,
Centre tecnologic de Telecomunicacions de Catalunya,Research Institution,,Academia,Spain,,ETSI,
Ceragon Networks AS,Networking equipment vendor,,Business,Norway,,ETSI,
CertusNet Inc.,Technology research and development company,,Business,China,,ETSI,
CETC Network & Communications Group Co.  Ltd.,,,Government related,China,,CCSA,
CETECOM GmbH - Certification and Testing in Communications,Testing and Certification,RWTÜV Group,Business,Germany,,ETSI,
Charter Communications,Telecommunications Provider,,Business,United States,charter.com,ATIS,
Chengdu OPPO Mobile Communications corp.  ltd,Consumer hardware and software vendor ,Beijing OPPO Communications corp.  ltd,Business,China,oppo.com,CCSA,
CHENGDU TD TECH LTD.,Networking equipment vendor,TD Tech Ltd,Business,China,,CCSA,
China Academy of Telecommunication Technology - (Datang Telecom Technology and Industry Group),Research Institution,Datang Telecom Group,Academia,China,,CCSA,
China Academy of Telecommunications Technology (CATT),Research Institution,,Academia,China,catt.cn,ETSI,
China Broadcasting Network Corporation Ltd.,Telecommunications Provider,,Business,China,,CCSA,
China Communications Standards Association,Regional Standards Body,,Technical Community,China,,CCSA,
China Electric Power Research Institute,Research Institution,,,China,,CCSA,
China Information Communication Technologies Group,Networking equipment vendor,Datang Telecom Group,Government related,China,,ETSI,
China Information Communication Technologies Group Corporation,Networking equipment vendor,Datang Telecom Group,Government related,China,,CCSA,
CHINA INFORMATION TECHNOLOGY DESIGNING&CONSULTING INSTITUTE CO. LTD.,Consulting,,Business,China,,CCSA,
China Mobile (Hangzhou) Information Technology Co.  Ltd.,Telecommunications Provider,China Mobile International Limited,Business,China,,CCSA,
China Mobile (Suzhou) Software Technology Co.  Ltd.,Telecommunications Provider,China Mobile International Limited,Business,China,,CCSA,
China Mobile Communications Corporation (CMCC),Telecommunications Provider,China Mobile International Limited,Business,China,,CCSA,
China Mobile E-Commerce Co.,Telecommunications Provider,China Mobile International Limited,Business,China,,CCSA,
China Mobile Group Design Institute Co.  Ltd,Telecommunications Provider,China Mobile International Limited,Business,China,,CCSA,
China Mobile Group Device Co.  Ltd,Telecommunications Provider,China Mobile International Limited,Business,China,,CCSA,
China Mobile International Limited,Telecommunications Provider,,Business,China,chinamobile.com,CCSA,
China Mobile M2M Company Ltd.,Telecommunications Provider,China Mobile International Limited,Business,China,,CCSA,
CHINA SECURITY & PROTECTION INDUSTRY ASSOCIATION,Association,,Business,China,,CCSA,
China Society of Automotive Engineers,Association,,Business,China,,OTHER,
China Southern Power Grid Co.  Ltd.,Infrastructure Company,,Business,China,,CCSA,
China Telecom,Telecommunications Provider,,Business,China,"chinatelecom.cn, ctbri.com.cn",CCSA,
China Telecommunications Corporation,Telecommunications Provider,China Telecom,Business,China,,ETSI,
China Telecomunication Corporation,Telecommunications Provider,China Telecom,Business,China,,CCSA,
China Unicom,Telecommunications Provider,,Business,China,chinaunicom.cn,CCSA,
China Unicom Digital Technology Co.  Ltd.,Telecommunications Provider,China Unicom,Business,China,,CCSA,
China Unicom Global Limited,Telecommunications Provider,China Unicom,Business,China,,CCSA,
Chongqing University,Research Institution,,Academia,China,,CCSA,
Chongqing University of Posts and Telecommunications,Research Institution,,Academia,China,,CCSA,
Chunghwa Telecommunication Laboratories  Chunghwa Telecommunication Co.,Research Institution,,,Taiwan,,ETSI,
Ciena,Networking equipment vendor,,Business,United States,ciena.com,,
Cisco,Networking equipment vendor,,Business,United States,cisco.com,ATIS,
Cisco Systems,Networking equipment vendor,Cisco,Business,United States,,ATIS,
Cisco Systems Belgium,Networking equipment vendor,Cisco,Business,Belgium,,ETSI,
Cisco Systems France,Networking equipment vendor,Cisco,Business,France,,ETSI,
Cisco Systems India,Networking equipment vendor,Cisco,Business,India,,TSDSI,
CK Hutchison (CKHH),Telecommunications Provider,,Business,Hong Kong,chrisseal.net,,https://en.wikipedia.org/wiki/CK_Hutchison_Holdings
CKH IOD UK LIMITED,Research Institution,CK Hutchison (CKHH),Business,United Kingdom,,ETSI,
Classon Consulting,Consulting,,Business,United States,,ATIS,
Cloudflare,Content Distribution Network,,Business,United States,cloudflare.com,,
CNES - Centre National d'Etudes Spatiales,Research Institution,,Academia,France,,ETSI,
Cognyte Software Ltd,Software Provider,,Business,Israel,,ETSI,
Coherent Logix,Hardware Provider,,Business,United States,,ATIS,
College of the Holy and Undivided Trinity of Queen Elizabeth near Dublin,Research Institution,,Academia,Ireland,,ETSI,
Columbia University,Research Institution,,Academia,United States,cs.columbia.edu,,
Comcast,Telecommunications Provider,,Business,United States,"comcast.com , cable.comcast.com, chriswendt.net",ATIS,
Commissariat à l'Energie Atomique et et aux Energies Alternatives,,,Government,France,,ETSI,
Commscope Technologies AG,Network Service Provider,,Business,United Kingdom,commscope.com,ETSI,
Communication and Information Technology Commission,,,Government,Saudi Arabia,,ATIS,
Communication University of China,Research Institution,,Academia,China,,CCSA,
COMMUNICATIONS ALLIANCE LTD,Association,,Business,Australia,,OTHER,
Comprion GmbH,Software Provider,,Business,Germany,,ETSI,
Comtech Telecommunications Corp,Hardware Provider,,Business,United States,,ATIS,
CNNIC,Internet Registry,,Government,China,"cnnic.net.cn, cnnic.cn",,
Consort Digital Private Limited,Networking equipment vendor,,Business,India,,ETSI,
Continental Automotive GmbH,Hardware Provider,,Business,Germany,,ETSI,
Conversant Wireless Licensing SARL,,,,Luxembourg,,ETSI,
Convida Wireless  LLC,Technology research and development company,"Interdigital, Sony Corporation",Business,United States,,ETSI,
Cornell University,Research Institution,,Academia,United States,"cornell.edu, cs.cornell.edu",,
Corporation for National Research Initiatives (CNRI),Research Institution,,,United States,cnri.reston.va.us,,
CORNING OPTICAL COMMUNICATIONS,Hardware Provider,,Business,United States,,ETSI,
CRYPTO-PRO,Software Provider,,Business,Russia,cryptopro.ru,,
CTIA,Association,,Business,United States,,OTHER,
CUJO Al,Software Provider,,Business,United States,,,
CUJO Al Finland,Software Provider,CUJO Al,Business,Finland,,ETSI,https://en.wikipedia.org/wiki/CUJO_AI
Cyber Security Agency of Singapore,,,Government,Singapore,,ETSI,
Cybersecurity and Infrastructure Security Agency (CISA) ECD,,,Government,United States,HQ.DHS.GOV,ATIS,
cyberstorm.mu,Hackerspace,,Civil Society,Mauritius,cyberstorm.mu,,
Czech Telecommunication Office,Regulator Body,,Government,Czech Republic,,ETSI,
CZ NIC,Internet Registry,,Business,Czech Republic,nic.cz,,
Dai Nippon Printing Co.  Ltd,Consumer hardware and software vendor,,Business,Japan,,ARIB,
DanKook University',Research Institution,,Academia,Korea,,TTA,
Datang Telecom Group,Network Service Provider,,Business,China,,,
Datang Linktester Technology Co.  Ltd.,Network Service Provider,Datang Telecom Group,Business,China,datangmobile.cn,CCSA,
Datang Mobile Communications Equipment Co.  Ltd,Network Service Provider,Datang Telecom Group,Business,China,datangmobile.cn,CCSA,
DECT Forum,Association,,Business,Switzerland,,ETSI,
DEKRA testing and Certification  S.A.U.,Testing and Certification,,Business,Spain,,ETSI,
Dell Technologies,Hardware Provider,,Business,United States,dell.com,ATIS,
DENSO CORPORATION,Hardware Provider,,Business,Japan,,ARIB,
Department for Digital  Culture  Media and Sport,,,Government,United Kingdom,,ETSI,
Department of Telecommunications,,,Government,India,,TSDSI,
Deutsche Telekom,Telecommunications Provider,,Business,Germany,telekom.de,ETSI,
Deutsches Zentrum für Luft- und Raumfahrt e.V.,Technology research and development company,,Government,Germany,,ETSI,
DFH Satellite Co.  LTD,Satellite Communications Provider,"China Spacesat Co., Ltd.",Business,China,,CCSA,
DIGITAL CATAPULT,Consulting,,Business,United Kingdom,,ETSI,
Direzione Centrale Anticrimine della Polizia di Stato,,,Government,Italy,,ETSI,
Dish Network,Consumer hardware and software vendor,,Business,United States,,ATIS,
DKK Co.  Ltd.,Networking Equipment Vendor,,Business,Japan,,ARIB,
DOCOMO Communications Laboratories Europe GmbH,Technology research and development company,Nippon Telegraph and Telephone Corporation (NTT),Business,Germany,docomolab-euro.com,,
Dolby Inc. ,Software Provider,,Business,United States,,,
Dolby Laboratories Inc.,Technology research and development company,Dolby Inc. ,Business,United Kingdom,,ETSI,
Dolby Technology India Pvt Ltd,Software Provider,Dolby Inc. ,Business,India,,TSDSI,
Dongguan OPPO Precision Electronic Corp.  Ltd.,Consumer hardware and software vendor,Beijing OPPO Communications corp.  ltd,Business,China,oppo.com,CCSA,
DTS Licensing Limited,Consulting,,Business,Ireland,,ETSI,
EAST SA,Financial Institution,,Business,Luxembourg,,ETSI,
EBU - European Broadcasting Union,Association,,Business,Switzerland,,ETSI,
EC - European Commission,,,Government,Belgium,,ETSI,
EDF,Infrastructure Company,,Business,France,,ETSI,
Eland Systems,Cybersecurity,,Business,United States,elandsys.com,,
Elbit Systems C4l and Cyber Ltd,Software Provider,,Business,Israel,,ETSI,
Electronics & Telecommunications Research Institute,Research Institution,,Academia,Korea,,TTA,
Electronique Telematique ETELM,Network Service Provider,,Business,France,,ETSI,
Element Materials Technology Warwick Ltd,Testing and Certification,,Business,United Kingdom,,ETSI,
EMIRATES TELECOMMUNICATIONS CORPORATION,Telecommuncations Provider,,Business,United Arab Emirates,,ETSI,
EMITE Ingenieria S.L.,Networking equipment vendor,,Business,Spain,,ETSI,
Empirix Inc.,Testing and Certification,Infovista,Business,Italy,,ETSI,
ENENSYS Technologies SA,Software Provider,,Business,France,,ETSI,
Ericsson,Networking equipment vendor,,Business,Sweden,"ericsson.com , era.ericsson.se , stericsson.com",,
Ericsson Ireland,Networking equipment vendor,Ericsson,Business,Ireland,,ETSI,
Ericsson España S.A.,Networking equipment vendor,Ericsson,Business,Spain,,ETSI,
Ericsson France S.A.S,Networking equipment vendor,Ericsson,Business,France,,ETSI,
Ericsson GmbH  Eurolab - Unternehmensbereich Forschung und Entwicklung,Networking equipment vendor,Ericsson,Business,Germany,,ETSI,
Ericsson Hungary Ltd,Networking equipment vendor,Ericsson,Business,Hungary,,ETSI,
Ericsson Incorporated,Networking equipment vendor,Ericsson,Business,United States,,ATIS,
Ericsson India Private Limited,Networking equipment vendor,Ericsson,Business,India,,TSDSI,
Ericsson Japan K.K.,Networking equipment vendor,Ericsson,Business,Japan,,ARIB,
Ericsson Limited,Networking equipment vendor,Ericsson,Business,United Kingdom,,ETSI,
Ericsson Telecomunicazioni SpA,Networking equipment vendor,Ericsson,Business,Italy,,ETSI,
Ericsson Telefonaktiebolaget LM,Networking equipment vendor,Ericsson,Business,Sweden,,ETSI,
Ericsson-LG Co.  LTD,Networking equipment vendor,Ericsson,Business,Korea,,TTA,
ERNET India,,,Government,India,eis.ernet.in,TSDSI,
ErvoCom International AG,Software Provider,,Business,Switzerland,,ETSI,
ESA - European Space Agency,,,Intergovernmental Organization,Netherlands,,ETSI,
ESOA,Infrastructure Company,,Business,Belgium,,OTHER,
ESSEN INNOVATION COMPANY LIMITED,Technology research and development company,,Business,China,,CCSA,
ETRI,Research Institution,,Academia,Korea,etri.re.kr,TTA,
ETS-Lindgren Europe,Software Provider,,Business,Finland,,ETSI,
EURECOM,Research Institution,,Academia,France,,ETSI,
Eurofins Digital Testing Belgium NV,Testing and Certification,,Business,Belgium,,ETSI,
European Communications Office,,,Intergovernmental Organization,Denmark,,ETSI,
European Patent Organisation,,,Intergovernmental Organization,Germany,,ETSI,
European Telecommunications Standards Institute,Regional Standards Body,,Technical Community,France,"etsi.fr , etsi.org",ETSI,
European Utilities Telecom Council (EUTC),Association,,Business,Belgium,,ETSI,
Eutelsat S.A.,Satellite Communications Provider,,Business,France,,ETSI,
EVE Compliancy Solutions,Software Provider,,Business,Netherlands,,ETSI,
Everactive,Consumer hardware and software vendor,,Business,United States,,ETSI,
Export Import bank of the United States,Financial Institution,,Business,United States,,ATIS,
F5 Networks Inc.,"Consulting, Software Provider ",,Business,United States,f5.com,OTHER,
Fabasoft AG,Software Provider,,Business,Austria,,ETSI,
Facebook,Content Provider,Meta USA,Business,United States,fb.com,ETSI,
Facebook Inc,Content Provider,Meta USA,Business,Ireland,,ETSI,
Facebook India Online Services Pvt Ltd,Content Provider,Meta USA,Business,India,,TSDSI,
Fairspectrum Oy,Hardware Provider,,Business,Finland,,ETSI,
Fastly,Content Distribution Network,,Business,United States,fastly.com,,
Fastweb S.p.A.,Telecommunications Provider,,Business,Italy,,ETSI,
Federal Agency for Public Safety Digital Radio,,,Government,Germany,,ATIS,
Federal Communications Commission,,,Government,United States,fcc.gov,ETSI,
Federal Ministry of Economic Affairs and Energy,,,Government,Germany,,ETSI,
Federated Wireless,Networking Equipment Vendor,,Business,United States,,CCSA,
FG Innovation Company Limited,Technology research and development company,,Business,China,,CCSA,
Fiberhome Technologies Group,"Software Provider, Hardware Provider",,Business,China,,ATIS,
FirstNet,,,Government,United States,,ETSI,
FORCE Technology,"Consulting, Software Provider",,Business,Denmark,,ETSI,
Ford Motor Company,Hardware Provider,,Business,United States,,ETSI,
France Brevets,Research Institution,,Government,France,,ETSI,
France Telecom Espana S.A.U.,Telecommunications Provider,Orange,Business,Spain,francetelecom.com,ETSI,
Fraunhofer Institut für Integrierte Schaltungen IIS,Research Institution,,Academia,Germany,iis.fraunhofer.de,ETSI,
Fraunhofer Institute for Open Communication Systems FOKUS,Research Institution,,Academia,Germany,fokus.fraunhofer.de,ETSI,
Fraunhofer Institute for Telecommunications  Heinrich Hertz Institute,Research Institution,,Academia,Germany,,ETSI,
Friedrich-Alexander-Universität Erlangen-Nürnberg,Research Institution,,Academia,Germany,,ETSI,
Fudan University,Research Institution,,Academia,China,,CCSA,
FUJITSU CONNECTED TECHNOLOGIES LIMITED,"Hardware Provider, Software Provider, Consumer hardware and software vendor",,Business,Japan,"jp.fujitsu.com, fujitsu.com",ARIB,
Fujitsu Limited,"Hardware Provider, Software Provider, Consumer hardware and software vendor",FUJITSU CONNECTED TECHNOLOGIES LIMITED,Business,Japan,,TTC,
Fujitsu Limited,"Hardware Provider, Software Provider, Consumer hardware and software vendor",FUJITSU CONNECTED TECHNOLOGIES LIMITED,Business,Japan,,ARIB,
Fujitsu Limited,"Hardware Provider, Software Provider, Consumer hardware and software vendor",FUJITSU CONNECTED TECHNOLOGIES LIMITED,Business,Japan,,ETSI,
Futurewei,Networking equipment vendor,Huawei,Business,China,futurewei.com,,
Futurewei Technologies,Networking equipment vendor,Huawei,Business,United States,,ATIS,
Futurewei Technologies Inc.,Networking equipment vendor,Huawei,Business,United States,,ETSI,
GANPAT UNIVERSITY,Research Institution,,Academia,India,,TSDSI,
Gatehouse Satcom A/S,Software Provider,,Business,Denmark,,ETSI,
GENBAND Ireland Limited,Networking Service Provider,,Business,Ireland,,ETSI,
General Motors - ATCI,Technology research and development company,General Motors,Business,Israel,,ETSI,
genua GmbH,"Software Provider, Consulting",,Business,Germany,genua.de,,
Georgia Tech Research Corporation,Research Institution,,Academia,United States,,ETSI,
Giesecke+Devrient Mobile Security GmbH,Software Provider,,Business,Germany,,ETSI,
Gigaset Communications GmbH,Consumer hardware and software vendor,,Business,Germany,,ETSI,
Gilat Satellite Networks Ltd,Satellite Communications Provider,,Business,Israel,,ETSI,
Global Certification Forum,Testing and Certification,,Business,United Kingdom,,OTHER,
GLOBALSTAR Inc.,Satellite Communications Provider,,Business,United States,,ETSI,
Globile Mobile Suppliers Association,Association,,Business,United Kingdom,,OTHER,
GoDaddy,Internet Registry,,Business,United States,godaddy.com,,
GOHIGH DATA NETWORKS TECHNOLOGY CO.  LTD,Network Service Provider,Datang Telecom Group,Business,China,,CCSA,
Google,"Advertising company , Content Distribution Network, Software developer, Research Institution",,Business,United States,"google.com, alvestrand.no",ATIS,
GSM MoU Association,Association,,Business,United Kingdom,,OTHER,
Guangdong Communications and Networks Institute,Research Institution,,Academia,China,,CCSA,
GUANGDONG GENIUS TECHNOLOGY CO.  LTD.,Hardware Provider,,Business,China,,CCSA,
Guangdong OPPO Mobile Telecommunications Corp.  Ltd,Consumer hardware and software vendor,Beijing OPPO Communications corp.  ltd,Business,China,oppo.com,CCSA,
Guangdong OPPO Mobile Telecommunications Corp. Ltd.,Consumer hardware and software vendor,Beijing OPPO Communications corp.  ltd,Business,China,oppo.com,ETSI,
Hansung University,Research Institution,,Academia,Korea,,TTA,
Harman Becker Automotive Systems GmbH,Hardware Provider,,Business,Germany,,ETSI,
HARMAN Connected Services (HCS),Software Provider,Samsung Electronics Ind. Co.  Ltd.,Business,India,,ETSI,
HARTING Stiftung & Co. KG,Networking Service Provider,,Business,Germany,,ETSI,
Havelsan Hava Elektronik Sanayi ve Ticaret A.S.,Software Provider,,Business,Turkey,,ETSI,
HEAD acoustics GmbH,"Hardware Provider, Software Provider, Consumer hardware and software vendor",,Business,Germany,,ETSI,
HEPTA 7291,Consumer hardware and software vendor,,Business,United States,,ETSI,
Hewlett-Packard,"Hardware Provider, Software Provider",,Business,United States,hp.com,,
Hewlett-Packard Enterprise,"Hardware Provider, Software Provider",Hewlett-Packard,Business,France,,ETSI,
Hexagon Autonomy & Positioning,"Hardware Provider, Software Provider",,Business,United States,,ATIS,
HiSilicon Technologies Co.Ltd,Chipmaker,,Business,China,,CCSA,
HISPASAT SA,Satellite Communications Provider,,Business,Spain,,ETSI,
Hitachi Ltd.,,,Business,Japan,hitachi.com,,
Hitachi Europe Ltd.,"Hardware Provider, Software Provider, Consumer hardware and software vendor",Hitachi Ltd.,Business,United Kingdom,,ETSI,
HOME OFFICE,,,Government,United Kingdom,,ETSI,
Hong Kong Applied Science & Technology Research Institute,Research Institution,,Academia,Hong Kong,,ETSI,
Honor Device Co.  Ltd,Consumer hardware and software vendor,,Business,China,,ETSI,
Honor Device Co.  ,Consumer hardware and software vendor,Honor Device Co.  Ltd,Business,China,,CCSA,
Huawei Device Co. Ltd,Networking equipment vendor,,Business,China,"huawei.com, huawei.com.cn",CCSA,
Huawei Technologies (Korea),Networking equipment vendor,Huawei Device Co. Ltd,Business,Korea,,TTA,
Huawei Technologies (UK) Co. Ltd.,Networking equipment vendor,Huawei Device Co. Ltd,Business,United Kingdom,,ETSI,
HuaWei Technologies Co. Ltd,Networking equipment vendor,Huawei Device Co. Ltd,Business,China,,CCSA,
Huawei Technologies Co. Ltd.,Networking equipment vendor,Huawei Device Co. Ltd,Business,China,,ETSI,
HUAWEI TECHNOLOGIES Duesseldorf GmbH,Networking equipment vendor,Huawei Device Co. Ltd,Business,Germany,,ETSI,
Huawei Technologies France,Networking equipment vendor,Huawei Device Co. Ltd,Business,France,,ETSI,
HUAWEI Technologies Japan K.K.,Networking equipment vendor,Huawei Device Co. Ltd,Business,Japan,,ARIB,
Huawei Technologies Japan K.K.,Networking equipment vendor,Huawei Device Co. Ltd,Business,Japan,,TTC,
Huawei Technologies Research & Development (UK) Limited,Networking equipment vendor,Huawei Device Co. Ltd,Business,United Kingdom,,ETSI,
Huawei Technologies Sweden AB,Networking equipment vendor,Huawei Device Co. Ltd,Business,Sweden,,ETSI,
Huawei Telecommunication (India) Co. Pvt. Ltd.,Networking equipment vendor,Huawei Device Co. Ltd,Business,India,,TSDSI,
Hughes Network Systems,Software provider,,Business,United States,hughes.com,,
HUGHES Network Systems Ltd,Software provider,Hughes Network Systems,Business,United Kingdom,,ETSI,
Huizhou Speed Wireless Technology Co.  Ltd.,Networking equipment vendor,,Business,China,,CCSA,
Husqvarna AB (publ),,,Business,Sweden,,ETSI,
Hytera Communications Corporation Limited,Networking equipment vendor,,Business,China,,CCSA,
Hyundai Motors,"Hardware Provider, Software Provider",,Business,Korea,,TTA,
IANA,Internet Registry,,Technical Community,,iana.org,,
IBM ,Hardware Provider,,Business,United States,"watson.ibm.com, ibm.com",,
IBM Europe,Hardware Provider,IBM,Business,Germany,,ETSI,
ICANN,Internet Governance Body,,Technical Community,,icann.org,,
Idaho National Laboratory,Research Institution,,Academia,United States,,ETSI,
IDEMIA,,,,France,idemia.com,ETSI,
IDNIC - APJII,Internet Registry,,Government,Indonesia,idnic.net,,
IIT  Kharagpur,Research Institution,,Academia,India,,TSDSI,
IMT Atlantique,Research Institution,,Academia,France,imt-atlantique.fr,,
Indian Institute of Science  Bangalor,Research Institution,,Academia,India,,TSDSI,
Indian Institute of Technology Bhilai,Research Institution,,Academia,India,,TSDSI,
Indian Institute of Technology Bombay,Research Institution,,Academia,India,,TSDSI,
Indian Institute of Technology Delhi,Research Institution,,Academia,India,,TSDSI,
Indian Institute of Technology Hyderabad,Research Institution,,Academia,India,,TSDSI,
Indian Institute of Technology Madras,Research Institution,,Academia,India,,TSDSI,
Indian Institute of Technology Mandi,Research Institution,,Academia,India,,TSDSI,
Indian Space Research Organisation,Research Institution,,,India,,TSDSI,
Indidan Institute of Technology Kanpur,Research Institution,,Academia,India,,TSDSI,
Indraprastha Institute of Information Technology Delhi,Research Institution,,Academia,India,,TSDSI,
Industrial Internet Innovation Center (Shanghai) Co. Ltd.,Technology research and development company,,Business,China,,CCSA,
Industrial Technology Research Institute,Research Institution,,Academia,Taiwan,,ETSI,
Infineon Technologies,Chipmaker,,Business,Germany,infineon.com,ETSI,
Infinera,Telecommunications provider,,Business,United States,"infinera.com, iki.fi",,
Infoblox Inc.,Software Provider,,Business,United States,infoblox.com,ETSI,
Inmarsat,Satellite Communications Provider,,Business,United Kingdom,,ETSI,
Innovation  Science and Economic Development Canada,,,Government,Canada,,ETSI,
Innovative Technology Lab Co.  Ltd,Research Institution,,Business,Korea,,TTA,
Inria,Research Institution,,Academia,France,inria.fr,,
Inspur Software Technology Co.   Ltd.,Cloud Provider,,Business,China,,CCSA,
Institut Mines-Telecom,Research Institution,,Academia,France,,ETSI,
Institute for Communication Systems - University of Surrey,Research Institution,,Academia,United Kingdom,,ETSI,
Institute for Development and Research in Banking Technology,Research Institution,,Academia,India,,TSDSI,
Institute for Information Industry,Research Institution,,Academia,Taiwan,,ETSI,
Institute VEDECOM,Research Institution,,Academia,France,,ETSI,
Intel,Chipmaker,,Business,United States,intel.com,ATIS,
Intel Belgium SA/NV,Chipmaker,Intel,Business,Belgium,,ETSI,
Intel China Ltd.,Chipmaker,Intel,Business,China,,CCSA,
Intel Corporation (UK) Ltd,Chipmaker,Intel,Business,United Kingdom,,ETSI,
Intel Corporation Italia SpA,Chipmaker,Intel,Business,Italy,,ETSI,
Intel Corporation SAS,Chipmaker,Intel,Business,France,,ETSI,
Intel Deutschland GmbH,Chipmaker,Intel,Business,Germany,,ETSI,
Intel Finland Oy,Chipmaker,Intel,Business,Finland,,ETSI,
Intel Ireland Ltd,Chipmaker,Intel,Business,Ireland,,ETSI,
Intel K.K.,Chipmaker,Intel,Business,Japan,,ARIB,
Intel Korea Ltd.,Chipmaker,Intel,Business,Korea,,TTA,
Intel Russia A/O,Chipmaker,Intel,Business,Russian Federation,,ETSI,
Intel Sweden AB,Chipmaker,Intel,Business,Sweden,,ETSI,
Intel Technology India Pvt. Ltd.,Chipmaker,Intel,Business,India,,TSDSI,
Intel Technology Poland SP Zoo,Chipmaker,Intel,Business,Poland,,ETSI,
Intelsat,Satellite Communications Provider,,Business,United States,,ATIS,
InterDigital,Technology research and development company,,Business,United States,interdigital.com,ATIS,
InterDigital Belgium LLC,Technology research and development company,InterDigital,Business,Belgium,,ETSI,
InterDigital Communications Corporation,Technology research and development company,InterDigital,Business,United States,,ATIS,
InterDigital Europe Ltd.,Technology research and development company,InterDigital,Business,United Kingdom,,ETSI,
InterDigital Finland Oy,Technology research and development company,InterDigital,Business,Finland,,ETSI,
InterDigital France R&D SAS,Technology research and development company,InterDigital,Business,France,,ETSI,
InterDigital Germany GmbH,Technology research and development company,InterDigital,Business,Germany,,ETSI,
Interdisciplinary Centre for Security  Reliability and Trust/University of Luxembourg,Research Institution,,Academia,Luxembourg,,ETSI,
International Institute of Information Technology  Hyderabad,Research Institution,,Academia,India,,TSDSI,
International Institute of Information Technology - Bangalore,Research Institution,,Academia,India,,TSDSI,
Internet Initiative Japan Inc.,Telecommunications Provider,,Business,Japan,iij.ad.jp,,
Internet Society,Internet Governance Body,,Civil Society,,isoc.org,,
Internet Systems Consortium,,,,,isc.org,,
Intersec SA,"Software Provider, Consulting",,Business,France,,ETSI,
Intertek,Testing and Certification ,,Business,United Kingdom,,ETSI,
IPCom GmbH & Co.KG,Technology research and development company,,Business,Germany,,ETSI,
IPLOOK Networks Co.  Ltd.,Networking Service Provider,,Business,China,,CCSA,
IPV6 Forum,Association,,Business,United Kingdom,,OTHER,
ISC,Internet Registry,,Business,Civil Society,,,
Iskratel d.o.o. Ltd.  Telecommunications Systems,Software Provider,,Business,Slovenia,,ETSI,
ITOCHU Techno-Solutions Corporation,Software Provider,,Business,Japan,,TTC,
ITRON SAS,"Software Provider, Hardware Provider",,Business,France,,ETSI,
Japan Radio Co.  Ltd,Networking equipment vendor,,Business,Japan,,ARIB,
Jetflow Technologies Co.  Ltd,Technology research and development company,,Business,China,,CCSA,
JMA Wireless,Networking Service Provider,,Business,United States,,ATIS,
John Deere GmbH & Co. KG,Consumer hardware and software vendor,,Business,Germany,,ETSI,
Johns Hopkins University Applied Physics Laboratory,Research Institution,,Academia,United States,innovationslab.net,ATIS,
Joint Stock Research and production company Kryptonite,Technology research and development company,,Business,Russian Federation,kryptonite.ru,ETSI,
JPRS,Internet Registry,,Business,Japan,jprs.co.jp,,
Juniper Networks,Networking equipment vendor,,Business,United States,juniper.net,ATIS,
Juniper Networks EU,Networking equipment vendor,Juniper Networks,Business,United States,,ETSI,
KAIST,Research Institution,,Academia,Korea,kaist.ac.kr,,
Kapsch TrafficCom AG,"Software Provider, Hardware Provider",,Business,Austria,,ETSI,
KDDI Corporation ,Telecommuncations Provider,,Business,Japan,"kddi.com, kddilabs.jp",ARIB,
KDDI Corporation,Telecommuncations Provider,,Business,Japan,kddi.com,TTC,
Keio University,Research Institution,,Academia,Japan,keio.ac.jp,,
Kepler Communications,Telecommuncations Provider,,Business,Canada,,ETSI,
Keysight Technologies Ltd,Networking equipment vendor,,Business,United States,keysight.com,,
KEYSIGHT TECHNOLOGIES ITALY,Networking equipment vendor,Keysight Technologies Ltd,Business,Italy,keysight.com,ETSI,
Keysight Technologies UK Ltd,Networking equipment vendor,Keysight Technologies Ltd,Business,United Kingdom,keysight.com,ETSI,
Koninklijke KPN N.V.,Telecommuncations Provider,,Business,Netherlands,,ETSI,
Kontron Transportation France  S.A.S,Telecommuncations Provider,,Business,France,kontron.com,ETSI,
Korea Internet & Security Agency,,,Government,Korea,kisa.or.kr,,
Korea Railroad Research Institute,Research Institution,,Academia,Korea,,TTA,
Korea Testing Laboratory,Testing and Certification,,Business,Korea,,TTA,
Korean Intellectual Property Office,,,Government,Korea,,TTA,
Korean Register,,,Government,Korea,,TTA,
KT Corporation,Networking Service Provider,,Business,Korea,,TTA,
KT SAT,,,,Korea,,TTA,
Kymeta Corporation,,,,United States,,ETSI,
Kyocera Corporation,,,,Japan,,ARIB,
Kyonggi University,Research Institution,,Academia,Korea,,TTA,
Kyungpook National University,Research Institution,,Academia,Korea,,,
L.M. Ericsson Limited,Networking equipment vendor,Ericsson,Business,Ireland,,ETSI,
L3Harris Technologies,Networking Service Provider,,Business,United States,,ATIS,
LACNIC,Internet Registry,,Technical Community,,lacnic.net,,
Landeskriminalamt Niedersachsen,,,Government,Germany,,ETSI,
Landis+Gyr Switzerland AG,"Software Provider, Hardware Provider",,Business,Switzerland,landisgyr.com,ETSI,
LEGRAND FRANCE ISERE,Hardware Provider,,Business,France,,ETSI,
Lekha Wireless Solutions Pvt Ltd,Software Provider,,Business,India,,TSDSI,
Lenovo (Beijing)  Information Technology Co.  Ltd.,"Hardware Provider, Consumer hardware and software vendor",Lenovo (Beijing) Ltd,Business,China,lenovo.com,CCSA,
Lenovo (Beijing) Ltd,"Hardware Provider, Consumer hardware and software vendor",,Business,China,,CCSA,
Lenovo Future Communications Technology (Chongqing) Co.  Ltd.,"Hardware Provider, Consumer hardware and software vendor",Lenovo (Beijing) Ltd,Business,China,,CCSA,
Lenovo Mobile Communication Technology Ltd.,"Hardware Provider, Consumer hardware and software vendor",Lenovo (Beijing) Ltd,Business,China,,CCSA,
Leonardo SpA,Cybersecurity,,Business,Italy,,ETSI,
LG Electronics Deutschland GmbH,"Hardware Provider, Consumer hardware and software vendor",LG Electronics Inc.,Business,Germany,lge.com,ETSI,
LG Electronics Finland Lab Oy,"Hardware Provider, Consumer hardware and software vendor",LG Electronics Inc.,Business,Finland,,ETSI,
LG Electronics France,"Hardware Provider, Consumer hardware and software vendor",LG Electronics Inc.,Business,France,,ETSI,
LG Electronics Inc.,"Hardware Provider, Consumer hardware and software vendor",,Business,Korea,,TTA,
LG Electronics Polska Sp. z.o.o.,"Hardware Provider, Consumer hardware and software vendor",LG Electronics Inc.,Business,Poland,,ETSI,
LG Electronics UK Ltd,"Hardware Provider, Consumer hardware and software vendor",LG Electronics Inc.,Business,United Kingdom,,ETSI,
LG Uplus,"Hardware Provider, Consumer hardware and software vendor",LG Electronics Inc.,Business,Korea,,TTA,
Ligado Networks,Satellite Communications Provider,,,United States,,ETSI,
Linespeed,Telecommunications Provider,,Business,United States,linespeed.io,,
LinkedIn,Software Provider,,Business,United States,linkedin.com,,
Locaila,Technology research and development company,,Business,United States,,ATIS,
Lockheed Martin,Cybersecurity,,Business,United States,,ATIS,
Lynk Global,Satellite Communications Provider,,Business,United States,,ATIS,
M/s Syniverse Technologies Services India Pvt. Ltd.,Networking Service Provider,,Business,United Kingdom,,TSDSI,
Magister Solutions Ltd,Technology research and development company,,Business,Finland,,ETSI,
MATRIXX Software  Inc.,Networking Service Provider,,Business,United States,,ETSI,
Mavenir Systems  Inc,Software Provider,,Business,United States,mavenir.com,ETSI,
Maxar,Satellite Communications Provider,,Business,United States,,ATIS,
MediaTek (Chengdu) Inc.,"Software Provider, Hardware Provider, Consumer hardware and software vendor",MediaTek Incorporated,Business,China,mediatek.com,CCSA,
MediaTek (Hefei) Inc.,"Software Provider, Hardware Provider, Consumer hardware and software vendor",MediaTek Incorporated,Business,China,,CCSA,
MediaTek (Shenzhen) Inc.,"Software Provider, Hardware Provider, Consumer hardware and software vendor",MediaTek Incorporated,Business,China,,CCSA,
MediaTek (Wuhan) Inc.,"Software Provider, Hardware Provider, Consumer hardware and software vendor",MediaTek Incorporated,Business,China,,CCSA,
MediaTek Beijing Inc.,"Software Provider, Hardware Provider, Consumer hardware and software vendor",MediaTek Incorporated,Business,China,,CCSA,
MediaTek Incorporated,"Software Provider, Hardware Provider, Consumer hardware and software vendor",,Business,Taiwan,,ETSI,
Mediatek India Technology Pvt. Ltd.,"Software Provider, Hardware Provider, Consumer hardware and software vendor",MediaTek Incorporated,Business,India,,TSDSI,
MediaTek Korea Inc.,"Software Provider, Hardware Provider, Consumer hardware and software vendor",MediaTek Incorporated,Business,Korea,,TTA,
Meetecho,Software Provider,,Business,Italy,meetecho.com,,
Meizu Technology,Consumer hardware and software vendor,,Business,China,,CCSA,
Metaswitch,Software Provider,Microsoft,Business,United Kingdom,metaswitch.com,,
Mercedes-Benz AG,"Hardware Provider, Consumer hardware and software vendor",,Business,Germany,,ETSI,
Merit Network,,,,United States,merit.edu,,
Mesaqin.com s.r.o (Ltd.),Software Provider,,Business,Czech Republic,,ETSI,
Meta USA,Content Provider,,Business,United States,,ATIS,
Microchip Technology  Inc.,Chipmaker,,Business,United States,microchip.com,ATIS,
Microsoft,Consumer hardware and software vendor,,Business,United States,microsoft.com,,
Microsoft Europe SARL,Consumer hardware and software vendor,Microsoft,Business,France,,ETSI,
Ministère de l'Economie et des Finances,,,Government,France,,ETSI,
MINISTERE DE L'INTERIEUR,,,Government,France,,ETSI,
Ministry of Communication and Information Technology,,,Government,Indonesia,,ETSI,
Ministry of Economic Affairs and Climate Policy,,,Government,Netherlands,,ETSI,
MINISTRY OF ECONOMY AND BUSINESS,,,Government,Spain,,ETSI,
Ministry of Electronics & Information Technology,,,Government,India,,TSDSI,
Ministry of Transport and Construction of the Slovak Republic,,,Government,Slovakia,,ETSI,
MISA,Research Institution,,Academia,Madagascar,misa-madagascar.com,,
MIT,Research Institution,,Academia,United States,"theory.lcs.mit.edu, alum.mit.edu, mit.edu, csail.mit.edu",,
MITRE,Cybersecurity,,Business,United States,mitre.org,ETSI,
Mitsubishi Electric Co.,"Hardware Provider, Consumer hardware and software vendor",,Business,Japan,,ARIB,
Mitsubishi Electric Corporation,"Hardware Provider, Consumer hardware and software vendor",Mitsubishi Electric Co.,Business,Japan,,TTC,
Mitsubishi Electric R&D Centre Europe,"Hardware Provider, Consumer hardware and software vendor",Mitsubishi Electric Co.,Business,France,,ETSI,
Mobile Technology Convergence Center,,,Government,Korea,,TTA,
Moratel International Pte Ltd,Telecoms Operator,,Business,Indonesia,moratelindo.co.id,,
Motorola,"Software Provider, Hardware Provider, Consumer hardware and software vendor",,Business,United States,"email.mot.com, motorola.com",,
Motorola Mobility España SA,"Software Provider, Hardware Provider, Consumer hardware and software vendor",Motorola,Business,Spain,,ETSI,
Motorola Mobility France S.A.S,"Software Provider, Hardware Provider, Consumer hardware and software vendor",Motorola,Business,France,,ETSI,
Motorola Mobility Germany GmbH,"Software Provider, Hardware Provider, Consumer hardware and software vendor",Motorola,Business,Germany,,ETSI,
Motorola Mobility UK Ltd.,"Software Provider, Hardware Provider, Consumer hardware and software vendor",Motorola,Business,United Kingdom,,ETSI,
Motorola Solutions Danmark A/S,"Software Provider, Hardware Provider, Consumer hardware and software vendor",Motorola,Business,Denmark,motorolasolutions.com,ETSI,
Motorola Solutions Germany GmbH,"Software Provider, Hardware Provider, Consumer hardware and software vendor",Motorola,Business,Germany,motorolasolutions.com,ETSI,
Motorola Solutions Systems Polska s.p. z.o.o.,"Software Provider, Hardware Provider, Consumer hardware and software vendor",Motorola,Business,Poland,motorolasolutions.com,ETSI,
Motorola Solutions UK Ltd.,"Software Provider, Hardware Provider, Consumer hardware and software vendor",Motorola,Business,United Kingdom,motorolasolutions.com,ETSI,
MOZARK,Software Provider,,Business,Singapore,,ETSI,
Mozilla,Software Provider,,Business,United States,mozilla.com,,
MulteFire Alliance,Association,,Business,United States,,OTHER,
Murata Manufacturing Co Ltd.,Hardware Producer,,Business,Japan,,ARIB,
MVG Industries,Networking equipment vendor,,Business,France,,ETSI,
NANJING ERICSSON PANDA COMMUNICATIONS LTD,Networking equipment vendor,Ericsson,Business,China,,CCSA,
NASA,Space Agency,,Government,United States,"jpl.nasa.gov, nasa.gov",ATIS,
National Cyber Security Centre,,,Government,United Kingdom,ncsc.gov.uk,ETSI,
National Defence Radio Establishment,,,Government,Sweden,,ETSI,
National Institute of Information and Communications Technology,Research Institution,,Academia,Japan,nict.go.jp,ARIB,
National Institute of Standards and Technology,Research Institution,,Academia,United States,nist.gov,ATIS,
National Instruments Corporation,"Software Provider, Hardware Provider",,Business,United States,,ETSI,
National Smart Grid Mission,Infrastructure Company,,Government,India,,TSDSI,
National Spectrum Consortium,Association,,Business,United States,,ATIS,
National Taiwan University,Research Institution,,Academia,Taiwan,,ETSI,
National Technical Assistance Centre,Research Institution,,Academia,United Kingdom,,ETSI,
National Telecommunications and Information Administration,,,Government,United States,,ATIS,
NEC Corporation,"Software Provider, Hardware Provider",,Business,Japan,"3g.nec.com.au , neclab.eu, nec.de",ETSI,
NEC Corporation,"Software Provider, Hardware Provider",NEC Corporation,Business,Japan,,ARIB,
NEC Corporation,"Software Provider, Hardware Provider",NEC Corporation,Business,Japan,,TTC,
NEC Corporation India Private Limited,"Software Provider, Hardware Provider",NEC Corporation,Business,India,,TSDSI,
NEC Europe Ltd,"Software Provider, Hardware Provider",NEC Corporation,Business,United Kingdom,neclab.eu,ETSI,
NEC Telecom MODUS Ltd.,"Software Provider, Hardware Provider",NEC Corporation,Business,United Kingdom,,ETSI,
NEMERGENT SOLUTIONS SL,"Software Provider, Consulting",,Business,Spain,,ETSI,
NetApp,Content Distribution Network,,Business,United States,netapp.com,,
Netas Telecommunication A.S.,Networking Service Provider,,Business,Turkey,,ETSI,
Netflix,Content Providers,,Business,United States,netflix.com,,
Netherlands Police  Division MDC,,,Government,Netherlands,,ETSI,
NETNOD,Infrastructure provider,,Business,Sweden,netnod.se,,
Netscape,,,Business,United States,netscape.com,,
Netscout Systems Inc.,Software Provider,,Business,United States,netscout.com,ETSI,
Neustar  Inc.,"Cybersecurity, Consulting",,Business,United States,"neustar.biz, dragon.net",ATIS,
New H3C Technologies Co.  Ltd.,Hardware Provider,Tsinghua Unisplendour,Business,China,h3c.com,CCSA,
Nexign ,Software Provider,,Business,Russian Federation,,ETSI,
Next Generation Mobile Networks Alliance,Association,,Business,Germany,,OTHER,
NextNav,"Software Provider, Hardware Provider",,Business,United States,,ATIS,
NHK (Japan Broadcasting Corporation),Content Provider,,Business,Japan,,ARIB,
NIC.br,Internet Registry,,Technical Community,Brazil,nic.br,,
Nippon Telegraph and Telephone Corporation,Telecommunications Provider,Nippon Telegraph and Telephone Corporation (NTT),Business,Japan,,ETSI,
Nippon Telegraph and Telephone Corporation,Telecommunications Provider,Nippon Telegraph and Telephone Corporation (NTT),Business,Japan,,TTC,
Niral Networks Private Limited,Software Provider,,Business,India,,TSDSI,
NIST,National Standards Body,,Government,United States,nist.gov,,
NLnet Labs,Research Institution,,Civil Society,Netherlands,nlnetlabs.nl,,
Nokia,Networking equipment vendor,Nokia Corporation,Business,United States,nokia.com,ATIS,
Nokia Bell N.V.,Networking equipment vendor,Nokia Corporation,Business,Belgium,nokia-bell-labs.com,ETSI,
Nokia Corporation,Networking equipment vendor,,Business,Finland,,ETSI,
Nokia Denmark A/S,Networking equipment vendor,Nokia Corporation,Business,Denmark,,ETSI,
Nokia Japan,Networking equipment vendor,Nokia Corporation,Business,Japan,,ARIB,
Nokia Korea,Networking equipment vendor,Nokia Corporation,Business,Korea,,TTA,
Nokia Shanghai Bell Co. Ltd,Networking equipment vendor,Nokia Corporation,Business,China,,CCSA,
Nokia Solutions and Networks GmbH & Co. KG,Networking equipment vendor,Nokia Corporation,Business,Germany,,ETSI,
Nokia Solutions and Networks India Pvt. Ltd.,Networking equipment vendor,Nokia Corporation,Business,India,,TSDSI,
Nokia Solutions and Networks Italia SpA,Networking equipment vendor,Nokia Corporation,Business,Italy,,ETSI,
Nokia Solutions and Networks Kft.,Networking equipment vendor,Nokia Corporation,Business,Hungary,,ETSI,
Nokia Solutions and Networks Sp. z.o.o.,Networking equipment vendor,Nokia Corporation,Business,Poland,,ETSI,
Nokia UK Ltd.,Networking equipment vendor,Nokia Corporation,Business,United Kingdom,,ETSI,
Nordic Semiconductor ASA,Chipmaker,,Business,Norway,nordicsemi.no,ETSI,
Norwegian Communications Authority,,,Goverment,Norway,,ETSI,
NOVAMINT,Consulting,,Business,United Kingdom,,ETSI,
Novell,Software Provider,,Business,United States,novell.com,,
Nippon Telegraph and Telephone Corporation (NTT),Telecommunications Provider,,Business,Japan,"lab.ntt.co.jp , ntt.com",TTC,
NTT Advanced Technology,Telecommunications Provider,Nippon Telegraph and Telephone Corporation (NTT),Business,Japan,ntt-at.com,ETSI,
NTT Communications,Telecommunications Provider,Nippon Telegraph and Telephone Corporation (NTT),Business,Japan,nttv6.net,,
NTT DOCOMO INC.,Telecommunications Provider,Nippon Telegraph and Telephone Corporation (NTT),Business,Japan,"nttdocomo.co.jp , nttdocomo.com",ARIB,
NTT DOCOMO INC.,Telecommunications Provider,Nippon Telegraph and Telephone Corporation (NTT),Business,Japan,"nttdocomo.co.jp , nttdocomo.com",TTC,
Nubia Technology Co. Ltd,Consumer hardware and software vendor,,Business,China,,CCSA,
Nufront (Beijing) Technology Co.  Ltd.,Chipmaker,,Business,China,,CCSA,
NXP Semiconductors Netherlands B.V.,Chipmaker,,Business,Netherlands,,ETSI,
Ofcom - Office of Communications (U.K.),Regulatory Body,,Government,United Kingdom,,ETSI,
Ofcom (CH),Regulatory Body,,Government,Switzerland,,ETSI,
OKi Electric Industry Co.  Ltd,Networking Service Provider,,Business,Japan,,TTC,
Omnispace,Telecommunications Provider,,Business,United States,,ATIS,
ONE Media 3.0 LLC,Content Distribution Network,,Business,United States,,ATIS,
one2many B.V.,Content Distribution Network,,Business,Netherlands,,ETSI,
OnePlus (Shenzhen) Technology Co.  LTD,Consumer hardware and software vendor,,Business,China,,CCSA,
Openet Telecom,Software Provider,,Business,Ireland,,ETSI,
Operational Technology Division (OTD),Software Provider,,Business,United States,,ETSI,
OQ TECHNOLOGY,Satellite Communications Provider,,Business ,Luxembourg,,ETSI,
Oracle,Database Provider,,Business ,United States,oracle.com,ETSI,
Orange,Telecommunications Provider,,Business ,France,"orange-ftgroup.com , orange.com",,
Orange Brand Services Ltd,Telecommunications Provider,Orange,Business ,United Kingdom,,ETSI,
Orange Romania,Telecommunications Provider,Orange,Business ,Romania,,ETSI,
Orope Germany GmbH,,,,Germany,,ETSI,
Oy LM Ericsson AB,Networking equipment vendor,Ericsson,Business,Finland,,ETSI,
P.I. WORKS TR BILISIM HIZMETLERI A.S.,,,Business,Turkey,,ETSI,
Panasonic Corporation,"Hardware Provider, Consumer hardware and software vendor",,Business,Japan,"jp.panasonic.com, sg.panasonic.com",ARIB,
PANASONIC R&D Center Germany GmbH,"Hardware Provider, Consumer hardware and software vendor",Panasonic Corporation,Business,Germany,,ETSI,
PCCW Global B.V.,Telecommunications Provider,,Business,France,pccwglobal.com,ETSI,
PCTEST Engineering Laboratory  Inc.,Research Institution,,Business,United States,,ATIS,
Peking University,Research Institution,,Academia,China,pku.edu.cn,CCSA,
Pengcheng laboratory,Research Institution,,Government,China,,CCSA,
Peraton Labs,"Research Institution, Cybersecurity",Vencore,Business,United States,,ATIS,
Perey Research & Consulting,"Research Institution, Consulting",,Business,Switzerland,,ETSI,
Philips International B.V.,Hardware Provider,,Business,Netherlands,philips.com,ETSI,
PHY Wireless,"Software Provider, Hardware Provider",,Business,United States,,ATIS,
PIDS,Research Institution,,Academia,Netherlands,,ETSI,
Pivotal Commware,Networking equipment vendor,,Business,United States,,ATIS,
Polaris Wireless,Software Provider,,Business,United States,,ATIS,
Polismyndigheten,,,Government,Sweden,,ETSI,
POST Luxembourg,,,Government,Luxembourg,,ETSI,
Potevio Company Limited,Hardware Provider,,Business,China,,CCSA,
Prasar Bharati,Content Distribution Network,,Business,India,,TSDSI,
Proximus Plc,"Software Provider, Hardware Provider",,Business,Belgium,"proximus.com , proximus.net",ETSI,
PT Portugal SGPS SA,Telecommunications Provider,,Business,Portugal,,ETSI,
Public Safety Canada,,,Government,Canada,,ETSI,
Public Safety Communication Europe Forum,,Public Safety Canada,Government,Belgium,,ETSI,
Public Safety Communication Europe Forum,,Public Safety Canada,Government,Belgium,,OTHER,
Puloli,Networking Service Provider,,Business,United States,puloli.com,ATIS,
Purple Mountain Laboratories: Networking  Communications and Security,"Research Institution, Cybersecurity",,Government,China,,CCSA,
Qihoo 360 Technology Co.  Ltd.,Cybersecurity,,Business,China,,CCSA,
Qorvo,Chipmaker,,Business,United States,,ETSI,
QT Technologies Ireland Limited,Software Provider,,Business,Ireland,,ETSI,
Qualcomm Austria RFFE GmbH,Chipmaker,Qualcomm Incorporated,Business,Austria,,ETSI,
Qualcomm CDMA Technologies GmbH,Chipmaker,Qualcomm Incorporated,Business,Germany,,ETSI,
Qualcomm communications S.A.R.L,Chipmaker,Qualcomm Incorporated,Business,France,,ETSI,
QUALCOMM Europe Inc. - Italy Branch Office,Chipmaker,Qualcomm Incorporated,Business,Italy,,ETSI,
QUALCOMM Europe Inc. - Spain Branch Office,Chipmaker,Qualcomm Incorporated,Business,Spain,,ETSI,
Qualcomm Europe Inc. Sweden,Chipmaker,Qualcomm Incorporated,Business,Sweden,,ETSI,
Qualcomm Finland RFFE Oy,Chipmaker,Qualcomm Incorporated,Business,Finland,,ETSI,
Qualcomm Incorporated,Chipmaker,,Business,United States,"qti.qualcomm.com, qualcomm.com",ATIS,
Qualcomm India Pvt Ltd,Chipmaker,Qualcomm Incorporated,Business,India,,TSDSI,
Qualcomm Israel Ltd.,Chipmaker,Qualcomm Incorporated,Business,Israel,,ETSI,
QUALCOMM JAPAN LLC.,Chipmaker,Qualcomm Incorporated,Business,Japan,,ARIB,
Qualcomm Korea,Chipmaker,Qualcomm Incorporated,Business,Korea,,TTA,
Qualcomm Technologies International  Ltd,Chipmaker,Qualcomm Incorporated,Business,United Kingdom,,ETSI,
Qualcomm Technologies Netherlands B.V.,Chipmaker,Qualcomm Incorporated,Business,Netherlands,,ETSI,
Qualcomm Wireless GmbH,Chipmaker,Qualcomm Incorporated,Business,Switzerland,,ETSI,
Quectel Wireless Solutions Co.  Ltd.,Technology research and development company,,Business,China,,CCSA,
Quixoticity,,,Business,United Kingdom,,ETSI,
RadiSys Inc.,"Software Provider, Hardware Provider",,Business,Canada,,ETSI,
Rakuten Mobile  Inc,Networking Service Provider,,Business,Japan,rakuten.com,ARIB,
Raytheon BBN,Technology research and development company,,Business,United States,bbn.com,,
Redback Networks,"Software Provider, Hardware Provider",,Business,United States,redback.com,,
Red Hat Inc,Software Provider,,Business,United States,"redhat.com, nohats.ca",,
Redline Communications Inc.,Networking Service Provider,,Business,Canada,,ATIS,
Regulatory Agency For Electronic Communications and Postal Services,Regulatory Body,,Business,Serbia,,ETSI,
Reliance Jio,Telecommunications Provider,,Business,India,ril.com,TSDSI,
RIPE NCC,Internet Registry,,Technical Community,,ripe.net,,
RISE Research Institutes of Sweden,Research Institution,,Academia,Sweden,ri.se,ETSI,
ROBERT BOSCH GmbH,Hardware Provider,,Business,Germany,,ETSI,
Rogers Communications Canada Inc.,Networking equipment vendor,,Business,Canada,,ETSI,
ROHDE & SCHWARZ GmbH & Co.KG,"Hardware Provider, Test and Certification, Cybersecurity",,Business,Germany,"rohde-schwarz.com , rsd.rohde-schwarz.com",ETSI,
RSA Security LLC,Cybersecurity,,Business,United States,rsasecurity.com,,
Ruckus Wireless Inc.,Networking Service Provider,,Business,Ireland,,ETSI,
Saankhya Labs Private Limited,Technology research and development company,,Business,India,,ETSI,
Sagemcom Broadband SAS,Networking Service Provider,,Business,France,,TSDSI,
Saguna Networks Ltd,"Software Provider, Consulting",,Business,Israel,,ETSI,
SAICT,Research Institution,,Academia,China,,ETSI,
Salesforce,Software provider,,Business,United States,salesforce.com,CCSA,
SAMEER - Centre for Electromagnetics,Association,,Business,India,,TSDSI,
Samsung Electronics Benelux BV,"Software Provider, Hardware Provider, Consumer hardware and software vendor, Technology research and development company",Samsung Electronics Ind. Co.  Ltd.,Business,Netherlands,,ETSI,
Samsung Electronics Czech,"Software Provider, Hardware Provider, Consumer hardware and software vendor, Technology research and development company",Samsung Electronics Ind. Co.  Ltd.,Business,Czech Republic,,ETSI,
Samsung Electronics France SA,"Software Provider, Hardware Provider, Consumer hardware and software vendor, Technology research and development company",Samsung Electronics Ind. Co.  Ltd.,Business,France,,ETSI,
Samsung Electronics GmbH,"Software Provider, Hardware Provider, Consumer hardware and software vendor, Technology research and development company",Samsung Electronics Ind. Co.  Ltd.,Business,Germany,,ETSI,
Samsung Electronics Iberia SA,"Software Provider, Hardware Provider, Consumer hardware and software vendor, Technology research and development company",Samsung Electronics Ind. Co.  Ltd.,Business,Spain,,ETSI,
Samsung Electronics Ind. Co.  Ltd.,"Software Provider, Hardware Provider, Consumer hardware and software vendor, Technology research and development company",,Business,Korea,samsung.com,TTA,
Samsung Electronics Nordic AB,"Software Provider, Hardware Provider, Consumer hardware and software vendor, Technology research and development company",Samsung Electronics Ind. Co.  Ltd.,Business,Sweden,,ETSI,
Samsung Electronics Polska,"Software Provider, Hardware Provider, Consumer hardware and software vendor, Technology research and development company",Samsung Electronics Ind. Co.  Ltd.,Business,Poland,,ETSI,
Samsung Electronics Romania SRL,"Software Provider, Hardware Provider, Consumer hardware and software vendor, Technology research and development company",Samsung Electronics Ind. Co.  Ltd.,Business,Romania,,ETSI,
Samsung Guangzhou Mobile R&D Center,Technology research and development,Samsung Electronics Ind. Co.  Ltd.,Business,China,,CCSA,
Samsung R&D Institute India - Bangalore Pvt. Ltd,Technology research and development,Samsung Electronics Ind. Co.  Ltd.,Business,India,,TSDSI,
SAMSUNG R&D INSTITUTE JAPAN,Technology research and development,Samsung Electronics Ind. Co.  Ltd.,Business,Japan,,ARIB,
Samsung R&D Institute UK,Technology research and development,Samsung Electronics Ind. Co.  Ltd.,Business,United Kingdom,,ETSI,
Samsung Research America,Research Institution,Samsung Electronics Ind. Co.  Ltd.,Business,United States,,ATIS,
Sandvine Incorporated,"Software Provider, Consulting",,Business,Canada,,ETSI,
Sanechips Technology Co.   Ltd.,Chipmaker,,Business,China,,CCSA,
Sapcorda Services GmbH,Networking Service Provider,u-blox AG,Business,Germany,,ETSI,
Sasken Technologies Limited,"Software Provider, Consulting",,Business,India,sasken.com,ETSI,
Satelio IoT Services,Satellite Communications Provider,,Business,Spain,,ETSI,
Satellite Applications Catapult Ltd,Satellite Communications Provider,,Business,United Kingdom,,ETSI,
Schindler Elevator Ltd,,,Business,Switzerland,,ETSI,
SECOM,Cybersecurity,,Business,Japan,,,
SECOM Intelligent Systems Laboratory,Cybersecurity,SECOM,Business,Japan,,,
Secrétariat Général de la Défense et de la Sécurité Nationale (SGDSN),,,Government,France,,ETSI,
Sectra Communications AB,Cybersecurity,,Business,Sweden,,ETSI,
Semtech Neuchatel SA,Chipmaker,,Business,Switzerland,semtech.com,ETSI,
Sennheiser Electronic GmbH & Co. KG,"Consumer hardware and software vendor, Technology research and development company",,Business,Germany,,ETSI,
Sensorise Digital Services Pvt Ltd,Hardware Provider,,Business,India,,TSDSI,
Sensus UK Systems Limited,"Hardware Provider, Software Provider",,Business,United Kingdom,,ETSI,
Sepura Limited,Networking equipment vendor,,Business,United Kingdom,sepura.com,ETSI,
Sequans Communications,Chipmaker,,Business,France,sequans.com,ETSI,
SES S.A.,Satellite Communications Provider,,Business,Luxembourg,,ETSI,
SGS Wireless,Testing and Certification,,Business,United Kingdom,,ETSI,
Shanghai Chen Si Electronics Technology Co.  Ltd,Networking equipment vendor,,Business,China,,CCSA,
Shanghai Jiao Tong University,Research Institution,,Academia,China,sjtu.edu.cn,CCSA,
Shanghai Langbo Communication Technology Co.  Ltd.,Technology research and development,,Business,China,,CCSA,
Shanghai National Engineering Research Center of Digital Television Co. Ltd.,Research Institution,,Academia,China,,CCSA,
Shanghai Quanray Electronics Co.  Ltd.,Hardware Provider,,Business,China,,CCSA,
Shanghai Tejet Communications Technology Co.  Ltd.,Testing and Certification,,Business,China,,CCSA,
SHARP Corporation,Hardware Provider,,Business,Japan,,ARIB,
Shenyang Institute of Automation  Chinese Academy of Sciences,Research Institution,,Academia,China,,CCSA,
Shenzhen city Tencent computer system Co. Ltd.,Consumer hardware and software vendor,Tencent,Business,China,tencent.com,CCSA,
Shenzhen Goodix Technology Co.  Ltd.,Chipmaker,,Business,China,,CCSA,
Shenzhen Yun Zhong Fei Network Technology Co.,Technology research and development,,Business,China,,CCSA,
ShenZhen Zhongxing Shitong Tech. Co. Ltd.,Technology research and development,,,China,,CCSA,
SIDN,Internet Registry,,Civil Society,Netherlands,sidn.nl,,
Siemens AG,Networking equipment vendor,,Business,Germany,"icn.siemens.de , siemens.de , mch.siemens.de , siemens.at , siemens.com",ETSI,
Sierra Wireless  S.A.,Networking equipment vendor,,Business,France,,ETSI,
Signalchip Innovations Pvt. Ltd.,Chipmaker,,Business,India,,TSDSI,
SIGOS GmbH,Cybersecurity,,Business,Germany,,ETSI,
Sinodun Internet Technologies,Cybersecurity,,Business,United States,sinodun.com,,
Sisvel International S.A.,Technology research and development,,Business,Luxembourg,,ETSI,
SITA OnAir Switzerland Sarl,Consumer hardware and software vendor,"SITA, Airbus",Business,Switzerland,,ETSI,
SK TELECOM,Telecommunications Provider,,Business,Korea,sk.com,TTA,
Skolkovo Institute of Science and Technology,Research Institution,,Academia,Russian Federation,,ETSI,
Skyworks Solutions Inc.,Chipmaker,,Business,United States,,ETSI,
Slovenian Institute for Standardisation,Regional Standards Body,,Technical Community,Slovenia,,ETSI,
Small Cell Forum,Association,,Business,United Kingdom,,OTHER,
Smarter Microelectronics(Guangzhou) Co. Ltd,Hardware Provider,,Business,China,,CCSA,
SoftBank Corp.,Financial Institution,,Business,Japan,,ARIB,
Softel Systems Pty Ltd,Cybersecurity,,Business,Australia,,ETSI,
Softil Ltd,Software Provider,,Business,Israel,,ETSI,
Sony Corporation,"Hardware Provider, Consumer hardware and software vendor, Technology research and development company",,Business,Japan,"sony.com, sony.co.jp",ARIB,
Sony Europe B.V.,"Hardware Provider, Consumer hardware and software vendor, Technology research and development company",Sony Corporation,Business,United Kingdom,eu.sony.com,ETSI,
Sony Group Corporation,"Hardware Provider, Consumer hardware and software vendor, Technology research and development company",Sony Corporation,Business,Japan,,ARIB,
Sooktha Consulting Pvt Ltd,Consulting,,Business,India,,TSDSI,
Sorenson Communications,Real time video,,Business ,United States,sorenson.com,,
Southern Linc.,Telecommunications Provider,,Business ,United States,,ATIS,
Southwest Jiaotong university,Research Institution,,Academia,China,,CCSA,
SpaceX Services  Inc,Space Agency,,Business ,United States,,ETSI,
Spark NZ Ltd,Telecommunications Provider,,Business ,New Zealand,,ATIS,
Special Service for the National Security of Hungary,,,Government,Hungary,,ETSI,
Sparta,Telecommunications Provider,,Business ,United States,sparta.com,,
Spectrum Effect,Cybersecurity,,Business ,United States,,ETSI,
Spirent Communications,Testing and Certification,,Business ,United States,spirent.com,ETSI,
Sporton International Inc.,Testing and Certification,,Business ,Taiwan,,ETSI,
Spreadtrum Communications (Shanghai) Co.  Ltd.,Chipmaker,,Business ,China,,CCSA,
SS8 Networks Inc.,"Software Provider, Consulting",,Business ,United States,,ETSI,
SSU,Research Institution,,Academia,Korea,ssu.ac.kr,,
Stanford Computer Science,Research Institution,,Academia,United States,cs.stanford.edu,,
ST ENGINEERING IDIRECT (IRELAND) LIMITED,Satellite Communications Provider,,Business ,Ireland,,ETSI,
Sterlite Technologies Ltd,Networking equipment vendor,Vedanta Group,Business ,India,,TSDSI,
STMicroelectronics International NV,Chipmaker,,Business ,Switzerland,,ETSI,
Südwestrundfunk,Content Distribution Network,,Business ,Germany,,ARIB,
Sumitomo Electric Industries  Ltd.,Networking equipment vendor,,Business ,Japan,,TTA,
SUNGKYUNKWAN UNIVERSITY,Research Institution,,Academia,Korea,skku.edu,ETSI,
Suomen Erillisverkot Oy,Cybersecurity,,Business,Finland,,ETSI,
Swedish Post and Telecom Authority,,,Government,Sweden,,ETSI,
Swedish Security Service,,,Government,Sweden,,ATIS,
Swift Navigation,"Software Provider, Hardware Provider",,Business,United States,,ETSI,
SWISSCOM SA,Telecommunications Provider,,Business,Switzerland,swisscom.com,ETSI,
SyncTechno Inc.,Technology research and development company,,Business,Korea,,TTA,
T-Mobile AUSTRIA GmbH,Telecommunications Provider,Deutsche Telekom,Business,Austria,t-mobile.at,ETSI,
T-Mobile Polska Spolka Akcyjna,Telecommunications Provider,Deutsche Telekom,Business,Poland,,ETSI,
T-Mobile USA  Inc.,Telecommunications Provider,Deutsche Telekom,Business,United States,t-mobile.com,ETSI,
T-Mobile USA Inc.,Telecommunications Provider,Deutsche Telekom,Business,United States,t-mobile.de,ATIS,
Tait Europe Limited,"Software Provider, Consulting",,Business,Austria,,ETSI,
Taiwan Network Information Center,Internet Registry,,Government,Taiwan,twnic.tw,,
Tantra Analyst,Consulting,,Business,United States,,ETSI,
TATA Consultancy Services,Consulting,Tata Motors Ltd,Business,India,tcs.com,,
TATA Communications Ltd,Consumer hardware and software vendor,Tata Motors Ltd,Business,India,tata.com,TSDSI,
Tata Motors Ltd,Consumer hardware and software vendor,,Business,India,,TSDSI,
TCL Communication Ltd.,Networking equipment vendor,,Business,China,,CCSA,
TD Tech Ltd,Networking equipment vendor,,Business,China,,CCSA,
TDF SAS,Networking Service Provider,,Business,France,,ETSI,
Tech Mahindra Limited,"Networking Service Provider, Consulting",Mahindra Group,Business,India,,TSDSI,
Technische Universit�t Dresden,Research Institution,,Academia,Germany,,,
Technology Innovation Institute,Research Institution,,Academia,United Arab Emirates,,ETSI,
Tejas Networks Ltd.,Networking equipment vendor,,Business,India,,TSDSI,
Tektronix GmbH,Hardware Provider,,Business,Germany,,ETSI,
Telecom Fiji Ltd,Telecommunications Provider,,Business,Fiji,,ETSI,
Telecom Italia S.p.A.,Telecommunications Provider,,Business,Italy,"telecomitalia.it , tilab.com",ETSI,
Telecommunication Development Industry Alliance,Association,,Business,China,,OTHER,
Telecommunications Consultants India Ltd,Consulting,,Business,India,IEEE.ORG,TSDSI,
Telecommunications Standards Development Society  India,Regional Standards Body,,Technical Community,India,,TSDSI,
Telecommunications Technology Association (TTA),Regional Standards Body,,Technical Community,Korea,,TTA,
Telefónica Germany GmbH & Co OHG,Telecommunications Provider,TELEFONICA S.A.,Business,Germany,,,
TELEFONICA S.A.,Telecommunications Provider,,Business,Spain,telefonica.com,ETSI,
Telekom Deutschland GmbH,Telecommunications Provider,Deutsche Telekom,Business,Germany,telekom.de,ETSI,
Telenor ASA,Telecommunications Provider,,Business,Norway,,ETSI,
Telia Company AB,Telecommunications Provider,,Business,Sweden,"telia.se , teliasonera.com",ETSI,
Telit Communications S.p.A.,Software Provider,,Business,Italy,,ETSI,
TELKOM SA SOC Ltd,Telecommunications Provider,,Business,South Africa,,ETSI,
Telkom University,Research Institution,,Academia,Indonesia,,ETSI,
Telstra Corporation Limited,Telecommunications Provider,,Business,Australia,team.telstra.com,ETSI,
Telus Corporation,Telecommunications Provider,,Business,Canada,telus.com,ATIS,
Tencent cloud computing Beijing Co.  Ltd,"Software Provider, Technology research and development company",Tencent,Business,China,tencent.com,CCSA,
TEOCO,Software Provider,,Business,United States,,ATIS,
Teradyne,"Hardware Provider, Testing and Certification",,Business,United States,,ATIS,
Tessares S.A.,Software Provider,,Business,Belgium,,ETSI,
Texas Instruments France,Chipmaker,,Business,France,,ETSI,
THALES,Software Provider,,Business,France,,ETSI,
The Critical Communication Association,Association,,Business,United Kingdom,,OTHER,
The Finnish Transport and Communications Agency,,,Government,Finland,,ETSI,
The State Radio_monitoring_center Testing Center,Testing and Certification,,Business,China,,CCSA,
The Telecommunication Technology Committee,Regional Standards Body,,Technical Community,Japan,,TTC,
The University of Tokyo,Research Institution,,Academia,Japan,nc.u-tokyo.ac.jp,ETSI,
Telecommunication Industry Association  (TIA),Standards Development Organisation,,Technical Community,United States,,OTHER,
TNO,Research Institution,,Academia,Netherlands,tno.nl,ETSI,
Toga Networks,Technology research and development company,Huawei,Business,Isreal,,,
Tongji University,Research Institution,,Academia,China,tongji.edu.cn,CCSA,
Toshiba,"Hardware Provider, Consumer hardware and software vendor",,Business,United Kingdom,"tari.toshiba.com, toshiba.co.jp",ETSI,
TOYOTA Info Technology Center USA  Inc.,"Hardware Provider, Consumer hardware and software vendor",TOYOTA MOTOR CORPORATION,Business,United States,,ETSI,
TOYOTA MOTOR CORPORATION,"Hardware Provider, Consumer hardware and software vendor",,Business,Japan,,TTC,
Trafikverket,,,Government,Sweden,,ETSI,
Transsion Holdings,Consumer hardware and software vendor,,Government,China,,CCSA,
Tsinghua University,Research Institution,,Government,China,"csnet1.cs.tsinghua.edu.cn, mails.tsinghua.edu.cn, cernet.edu.cn",,
TTP plc,Technology research and development company,,,United Kingdom,,ETSI,
TU Dresden,Research Institution,,Academia,Germany,tu-dresden.de,,
Turk Telekomunikasyon A.S.,Telecommunications Provider,,Business,Turkey,,ETSI,
Turkcell Iletisim Hizmetleri A.S.,Telecommunications Provider,,Business,Turkey,,ETSI,
TUV SUD BRITISH APPROVALS BOARD FOR TELECOMMUNICATIONS,Test and Certification,,Government,United Kingdom,,ETSI,
"TwoFive, Inc.",Software provider,,Business,Japan,twofive25.com,,
u-blox AG,Networking Service Provider,,Business,Switzerland,,ETSI,
U.S. Department of Defense,,,Government,United States,,ATIS,
U.S. Department of Transportation,,,Government,United States,,ATIS,
U.S. Naval Research Laboratory,,,Government,United States,"itd.nrl.navy.mil, nrl.navy.ml",,
Uangel Corporation,Networking Service Provider,,Business,Korea,,TTA,
Ubiwhere Lda,"Technology research and development company, Software Provider",,Business,Portugal,,ETSI,
UIET Panjab University Chandigarh,Research Institution,,Academia,India,,TSDSI,
UL VS Ltd,Technology research and development company,,Business,United Kingdom,,ETSI,
umlaut communications GmbH,"Software Provider, Consulting",,Business,Germany,,ETSI,
Unicom Broadband Online Co.  Ltd.,Telecommunications Provider,China Unicom,Business,China,,CCSA,
Unicom Vsens Telecommunications Co.  Ltd,Telecommunications Provider,China Unicom,Business,China,,CCSA,
Unicompay Co.  Ltd.,Telecommunications Provider,China Unicom,Business,China,,CCSA,
Union Internationale des Chemins de Fer,Association,,Business,France,,ETSI,
Union Telephone Company,Association,,Business,United States,,ATIS,
Universidad Carlos III Madria,Research Institution,,Academia,Spain,it.uc3m.es,,
Universidad de Malaga,Research Institution,,Academia,Spain,,ETSI,
Universidad del País Vasco/Euskal Herriko Unibertsitatea,Research Institution,,Academia,Spain,,ETSI,
Universidad Politecnica de Barcelona,Research Institution,,Academia,Spain,"entel.upc.es, upc.edu, ac.upc.edu",,
University College London (UCL),Research Institution,,Academia,United Kingdom,ucl.ac.uk,,
"University of California, Berkeley",Research Institution,,Academia,United States,"cal.berkeley.edu, cs.berkeley.edu",,
"University of California, Los Angeles",Research Institution,,Academia,United States,cs.ucla.edu,,
University of California Santa Barbara,Research Institution,,Academia,United States,cs.ucsb.edu,,
University of Delaware,Research Institution,,Academia,United States,cis.udel.edu,,
University of Electronic Science and Technology of China,Research Institution,,Academia,China,,CCSA,
University of Helsinki,Research Institution,,Academia,Finland,cs.helsinki.fi,,
University of Michigan,Research Institution,,Academia,United States,umich.edu,,
University of Minnesota,Research Institution,,Academia,United States,umn.edu,,
University of Murcia,Research Institution,,Academia ,Spain,um.es,,
University of Oslo,Research Institution,,Academia,Norway,ifi.uio.no,,
University of Piraeus,Research Institution,,Academia,Greece,,ETSI,
"University of Professional Studies, Accra",Research Institution,,Academia,Ghana,,,
University of Southern California Information Sciences Institute USC ISI,Research Institution,,Academia,United States,isi.edu,,
University of Washington,Research Institution,,Academia,United States,"washington.edu, cs.washington.edu",,
University of Wisconsin,Research Institution,,Academia,United States,doit.wisc.edu,,
UPSA,Research Institution,,Academia,Ghana,upsa.edu.gh,,
US Bank,Financial Institution,,Business,United States,usbank.com,,
US Cellular Corporation,Telecommunications Provider,,Business,United States,,ETSI,
US National Aeronautics and Space Administration,Space Agency,,Government,United States,cyber.nsa.gov,ATIS,
US National Security Agency,Cybersecurity,,Government,United States,"nsa.gov , tycho.ncsc.mil , restarea.ncsc.mil, cyber.nsa.gov",ATIS,
UTIMACO TS GmbH,Cybersecurity,,Business,Germany,,ETSI,
Valeo Radar Systems Inc. (VRS),Hardware Provider,Valeo,Business,United States,,ETSI,
Valeo,Hardware Provider,,Business,France,,,
Valeo Telematik und Akustik GmbH,Hardware Provider,Valeo,Business,Germany,,ETSI,
VALID SOLUCIONES TECNOLÓGICAS S.A.U,Technology research and development company,,Business,Spain,,ETSI,
Vanchip (Tianjin) Technology Co.  Ltd.,Chipmaker,,Business,China,,CCSA,
Verisign,Internet Registry,,Business,United States,"verisignlabs.com , verisign.com",,
Verizon,Internet Registry,,Business,United States,"verizonwireless.com , verizon.com",,
Verizon Denmark A/S,Internet Registry,Verizon,Business,Denmark,,ETSI,
Verizon Spain S.L.,Internet Registry,Verizon,Business,Spain,,ETSI,
Verizon Sweden Aktiebolag 2116,Internet Registry,Verizon,Business,Sweden,,ETSI,
Verizon Switzerland AG,Internet Registry,Verizon,Business,Switzerland,,ETSI,
Verizon UK Ltd,Internet Registry,Verizon,Business,United Kingdom,,ETSI,
Viavi Solutions Deutschland GmbH,Testing and Certification,,Business,Germany,,ETSI,
Vipps AS,Consumer hardware and software vendor,,Business,Norway,,ETSI,
vivo Communication Technology Co.  Ltd.,vivo Communication Technology Co.  Ltd.,vivo Mobile Communication Co.  Ltd,Business,China,,CCSA,
vivo Mobile Communication (Chongqing) Co.  Ltd,vivo Communication Technology Co.  Ltd.,vivo Mobile Communication Co.  Ltd,Business,China,,CCSA,
vivo Mobile Communication (Hangzhou) Co.  Ltd.,vivo Communication Technology Co.  Ltd.,vivo Mobile Communication Co.  Ltd,Business,China,,CCSA,
vivo Mobile Communication (Shenzhen) Co.  Ltd.,vivo Communication Technology Co.  Ltd.,vivo Mobile Communication Co.  Ltd,Business,China,,CCSA,
vivo Mobile Communication Co.  Ltd,vivo Communication Technology Co.  Ltd.,,Business,China,vivo.com,CCSA,
VIVO TECH GmbH,vivo Communication Technology Co.  Ltd.,vivo Mobile Communication Co.  Ltd,Business,Germany,,ETSI,
VMware,Software provider,,Business,United States,vmware.com,,
VMware Bulgaria EOOD,Software provider,VMware,Business,Bulgaria,,ETSI,
Vodafone España SA,Telecommunications Provider,Vodafone Group Plc,Business,Spain,,ETSI,
Vodafone GmbH,Telecommunications Provider,Vodafone Group Plc,Business,Germany,,ETSI,
Vodafone Group Plc,Telecommunications Provider,,Business,United Kingdom,"gb.vodafone.co.uk , vf.vodafone.co.uk , vodafone.com",ETSI,
Vodafone Idea Ltd,Telecommunications Provider,Vodafone Group Plc,Business,India,,TSDSI,
Vodafone Ireland Plc,Telecommunications Provider,Vodafone Group Plc,Business,Ireland,,ETSI,
Vodafone Italia SpA,Telecommunications Provider,Vodafone Group Plc,Business,Italy,,ETSI,
Vodafone Romania S.A.,Telecommunications Provider,Vodafone Group Plc,Business,Romania,,ETSI,
Vodafone Telekomünikasyon A.S.,Telecommunications Provider,Vodafone Group Plc,Business,Turkey,,ETSI,
VoiceAge Corporation,"Software Provider, Technology research and development company",,Business,Canada,,ETSI,
Volkswagen AG,Consumer hardware and software vendor,,Business,Germany,,ETSI,
VTT Technical Research Centre of Finland,Research Institution,,Academia,Finland,,ETSI,
WE Certification Oy,Testing and Certification,,Business,Finland,,ETSI,
Western Digital Technologies  Inc.,Consumer hardware and software vendor,,Business,United States,,ETSI,
WIDE project,Research Institution,,Academia,Japan,"wide.ad.jp , sfc.wide.ad.jp",,
WILUS Inc.,Technology research and development company,,Business,Korea,,TTA,
Wipro Limited,Consulting,,Business,India,,TSDSI,
Wireless Broadband Alliance Ltd.,Association,,Business,Singapore,,OTHER,
World Wide Web Consortium (W3C),Internet governance body,,Technical Community,,w3.org,,
Xcape  Inc.,Consulting,,Business,United States,,ATIS,
Xerox,Software Provider,,Business,United States,cp10.es.xerox.com,,
Xiaomi Communications,"Consumer hardware and software vendor, Software Provider, Hardware Provider",Xiaomi Technology,Business,China,xiaomi.com,CCSA,
Xiaomi Technology,"Consumer hardware and software vendor, Software Provider, Hardware Provider",,Business,China,xiaomi.com,CCSA,
Xidian University,Research Institution,,Academia,China,,CCSA,
Xilinx Ireland,Software Provider,,Business,Ireland,xilinx.com,ETSI,
Yonsei University,Research Institution,,Academia,Korea,,TTA,
ZEKU TECHNOLOGY (SHANGHAI) CORP.  LTD.,Technology research and development company,,Business,China,,CCSA,
ZHE JIANG GEESPACE TECHNOLOGY CO.  LTD.,Satellite Communications Provider,Geely Technology Group,Business,China,,CCSA,
Zhejiang Lab,Research Institution,"Alibaba, Zhejiang University",Academia,China,,CCSA,
Zhejiang University,Research Institution,,Academia,China,,CCSA,
Zollkriminalamt (ZKA),,,Government,Germany,,ETSI,
ZONSON SAMRT AUTO CORPORATION,Consumer hardware and software vendor,,Business,China,,CCSA,
ZTE,Networking equipment vendor,,Business,China,"zte.com.cn, zte.com",CCSA,
ZTE Corporation,Networking equipment vendor,ZTE,Business,China,,ETSI,
ZTE Photonics Technology Co. Ltd.,Networking equipment vendor,ZTE,Business,China,,CCSA,
ZTE Wistron Telecom AB,Networking equipment vendor,ZTE,Business,Sweden,,ETSI,
ZXNE CORPORATION,,,,China,,CCSA,